Loc ID,LOCATION,SIG_TYPE,YEAR,CNT_DATE,HOURS,NB_SB_ST,EB_WB_ST,COUNCIL_DISTRICT,PED_VALUE,VEH_VALUE,SB_VALUE,WB_VALUE,NB_VALUE,EB_VALUE,X_COORDINATES,Y_COORDINATES
9,Ararat & Eastwood Trfwy,TS,2018,01/23/2018 12:00:00 AM,5,ARARAT DR,EASTWOOD TFWY,CD5,20,3561,319,1169,0,2073,2787615.03,1042911.93
10,Armour & Broadway,TS,2018,09/13/2018 12:00:00 AM,12,BROADWAY BLVD,W ARMOUR BLVD,CD4,255,16702,8307,2307,6088,0,2763052.52,1054971.34
11,Armour & Gillham,TS,2019,09/05/2019 12:00:00 AM,12,GILLHAM RD,E ARMOUR BLVD,CD4,501,13407,6004,2436,2938,2029,2765710.76,1054835.37
14,Armour & Main,TS,2018,09/12/2018 12:00:00 AM,12,MAIN ST,ARMOUR BLVD,CD4,717,22366,8753,3913,7305,2395,2764380.63,1054899.09
15,Armour & Paseo,TS,2019,10/23/2019 12:00:00 AM,12,PASEO BLVD,E ARMOUR BLVD,CD3,119,7682,2292,1005,2336,2049,2769656.72,1054643.31
16,Armour & Troost,TS,2018,06/05/2018 12:00:00 AM,5,TROOST AVE,E ARMOUR BLVD,CD3,457,5871,1725,1054,1631,1461,2768343.56,1054698.62
17,Armour & Warwick,TS,2019,01/31/2019 12:00:00 AM,12,WARWICK BLVD,E ARMOUR BLVD,CD4,244,5306,503,2266,654,1883,2765055.84,1054867.79
18,Bales & 9th St,TS,2019,10/17/2019 12:00:00 AM,12,BALES AVE,E 9TH ST,CD3,69,4333,0,2202,159,1972,2777205.91,1068846.39
20,Baltimore & 11th,TS-CBD,2018,03/27/2018 12:00:00 AM,5,BALTIMORE AVE,W 11TH ST,CD4,712,1902,379,774,749,0,2764793.71,1068397.99
21,Baltimore & 12th,TS-CBD,2017,08/24/2017 12:00:00 AM,12,BALTIMORE AVE,W 12TH ST,CD4,2028,5985,401,0,1400,4184,2764781.91,1068073.69
22,Baltimore & 13th,TS-CBD,2017,08/30/2017 12:00:00 AM,12,BALTIMORE AVE,W 13TH ST,CD4,1069,4706,804,2656,1246,0,2764766.02,1067593.63
23,Baltimore & 14th,TS-CBD,2017,08/24/2017 12:00:00 AM,5,BALTIMORE AVE,W 14TH ST,CD4,640,2720,361,213,670,1476,2764743.24,1067088.2
24,Baltimore & 18th,TS,2017,11/08/2017 12:00:00 AM,5,BALTIMORE AVE,W 18TH ST,CD4,203,2137,833,700,603,1,2764663.74,1065109.24
26,Baltimore & Southwest Blvd at 19th,TS,2017,12/12/2017 12:00:00 AM,5,BALTIMORE AVE,W 19TH ST/ SOUTHWEST BLVD,CD4,156,3070,479,1377,95,1119,2764642.9,1064596.49
27,Baltimore & Truman N Dr,TS-CBD,2017,05/11/2017 12:00:00 AM,12,BALTIMORE AVE,TRUMAN RD_ND,CD4,322,6341,1240,4319,782,0,2764727.36,1066799.81
28,Baltimore & Truman S Dr,TS-CBD,2017,02/09/2017 12:00:00 AM,12,BALTIMORE,TRUMAN RD_SD,CD4,165,4981,563,2,751,3665,2764720.08,1066601.19
29,Baltimore/JC Nichols/Ward Pkwy S Dr,TS-PLZ,2019,10/29/2019 12:00:00 AM,5,BALTIMORE AVE/JC NICHOLS PKWY,WARD PKWY (SD),CD4,169,6221,1633,1239,88,3261,2763669.4,1046236.79
30,Bannister & Blue Ridge,TS,2017,10/12/2017 12:00:00 AM,5,BLUE RIDGE BLVD,E BANNISTER RD,CD5,35,17946,3933,5186,4065,4762,2786449.83,1014317.46
31,Bannister & Drury,TS,2019,04/03/2019 12:00:00 AM,5,DRURY AVE,E BANNISTER RD,CD5,60,9747,53,4785,270,4639,2781570.33,1014584.85
32,Bannister & Hillcrest,TS,2017,03/28/2017 12:00:00 AM,12,HILLCREST RD,BANNISTER RD,CD5,28,15189,1389,6354,1533,5913,2782467.87,1014520.54
33,Bannister & James A Reed,TS,2018,06/21/2018 12:00:00 AM,5,JAMES A REED RD,E BANNISTER RD,CD5,29,6722,933,2417,773,2599,2790401.59,1014088.37
34,Bannister & Marion Ridge,TS,2019,12/12/2019 12:00:00 AM,5,MARION RIDGE DR,E BANNISTER RD,CD5,18,10547,0,4771,1205,4571,2781150.89,1014602.96
35,Bannister & Raytown,TS,2018,03/08/2018 12:00:00 AM,5,RAYTOWN RD,BANNISTER RD,CD5,6,9014,2084,2585,1833,2512,2798351.01,1013678.1
37,Beacon & 63rd,TS,2019,09/03/2019 12:00:00 AM,12,BEACON DR,E 63RD TFWY,CD5,5,11136,0,6404,157,4575,2785587.81,1036584.45
41,Belleview & 45th,TS,2019,07/30/2019 12:00:00 AM,12,BELLEVIEW AV,W 45TH ST,CD4,53,10130,9000,591,0,539,2760784.17,1048473.94
42,Belleview & 47th,TS-PLZ,2018,08/02/2018 12:00:00 AM,12,BELLEVIEW AVE,W 47TH ST,CD4,128,12675,8963,2974,0,738,2760725,1047163.19
43,Belleview & 48th,TS-PLZ,2019,10/29/2019 12:00:00 AM,5,BELLEVIEW (ONE  WAY - SB),W 48TH ST (ONE WAY - EB),CD4,55,7122,6812,0,0,310,2760697.77,1046503.82
44,Belleview & Roanoke Pkwy,TS-PLZ,2019,10/29/2019 12:00:00 AM,5,BELLEVIEW AVE,ROANOKE PKWY,CD4,29,11156,8412,1545,0,1199,2760742.69,1047557.83
45,Belleview & Ward Pkwy (N Dr),TS-PLZ,2019,10/30/2019 12:00:00 AM,5,BELLEVIEW AVE (ONE-WAY SB),WARD PKWY_ND (ONE-WAY WB),CD4,12,11326,6497,4733,96,0,2760680.33,1045951.97
46,Belmont & Chouteau Trfwy,TS,2018,08/29/2018 12:00:00 AM,12,N BELMONT AVE,N CHOUTEAU TFWY,CD4,2,6793,284,3208,3301,0,2786112.59,1073487.19
47,Belmont & Truman,TS,2017,10/04/2017 12:00:00 AM,5,BELMONT AVE,E TRUMAN RD,CD3,51,6256,157,2415,132,3552,2785826.35,1065828.3
49,Bennington & Independence,TS,2018,07/25/2018 12:00:00 AM,12,BENNINGTON AVE,INDEPENDENCE AVE,CD3,35,10433,201,5330,454,4448,2787249.79,1069789.44
50,Bennington & Red Bridge,TS,2019,12/05/2019 12:00:00 AM,12,BENNINGTON AVE,E RED BRIDGE RD,CD6,56,5574,394,2581,374,2225,2784746.66,1003548.9
51,Bennington & Truman,TS,2019,12/03/2019 12:00:00 AM,12,BENNINGTON AVE,E TRUMAN RD,CD3,170,13408,982,6221,581,5624,2787128.31,1065788.42
54,Benton & 12th,TS,2019,04/18/2019 12:00:00 AM,12,BENTON BLVD,E 12TH ST,CD3,123,12273,4320,2851,3055,2047,2776088.98,1067575.63
56,Benton & 27th,TS,2017,06/28/2017 12:00:00 AM,12,BENTON BLVD,E 27TH ST,CD3,334,5794,1065,2017,1009,1703,2774800.83,1059690.45
57,Benton & 31st,TS,2017,10/25/2017 12:00:00 AM,5,BENTON BLVD,E 31ST ST,CD3,34,4131,403,1177,358,2193,2774698.94,1057062.34
58,Benton & 35th,TS,2017,03/16/2017 12:00:00 AM,5,BENTON BLVD,E 35 TH ST,CD3,41,1854,413,460,496,485,2775547.47,1054390.14
58,Benton & 35th,TS,2020,03/12/2020 12:00:00 AM,12,BENTON BLVD,E 35TH ST,CD3,72,3396,757,652,1017,970,2775547.47,1054390.14
59,Benton & 39th,TS,2017,07/20/2017 12:00:00 AM,12,BENTON BLVD,E 39TH ST,CD3,72,7523,1122,2066,1270,3065,2775443.88,1051771.53
61,Benton & 9th,TS,2017,03/15/2017 12:00:00 AM,5,BENTON BLVD,E 9TH ST,CD3,37,4215,1385,1028,1074,728,2776153.58,1068900.73
62,Benton & Blue Pkwy/Swope Pkwy,TS,2017,12/13/2017 12:00:00 AM,5,BENTON BLVD,BLUE PKWY,CD3,24,13055,1229,5814,936,5076,2776407.98,1044970.38
63,Benton & Brush Creek Blvd,TS,2019,02/12/2019 12:00:00 AM,12,BENTON BLVD,EMANUEL CLEAVER II BLVD,CD3,114,11223,1316,3618,1618,4671,2776750.93,1045721.16
64,Benton & Independence,TS,2017,04/19/2017 12:00:00 AM,5,BENTON BLVD,INDEPENDENCE AVE,CD3,104,9297,1045,4155,1070,3027,2776202.46,1070296.98
65,Benton/Agnes & Truman (3000 E),TS,2017,04/06/2017 12:00:00 AM,5,BENTON BLVD,E TRUMAN RD,CD3,25,7980,891,1795,2498,2796,2776031.33,1066039.81
66,Benton/Chestnut & Truman (2800 E),TS,2019,03/21/2019 12:00:00 AM,12,CHESTNUT AVE/ BENTON BLVD,E TRUMAN RD,CD3,61,8809,401,3784,650,3974,2774673.55,1066107.42
67,Benton/South Benton/Linwood (2900 E),TS,2018,08/09/2018 12:00:00 AM,12,BENTON BLVD/SOUTH BENTON,E LINWOOD BLVD,CD3,84,8658,895,3215,287,4261,2774669.49,1056403.05
68,Benton/Walrond & Linwood (3200 E),TS,2018,03/29/2018 12:00:00 AM,12,BENTON BLVD / WALROND AVE,E LINWOOD BLVD,CD3,157,6950,165,2431,872,3482,2775639.37,1056359.11
69,Blue Pkwy & Cleveland,TS,2017,04/12/2017 12:00:00 AM,5,CLEVELAND AVE,BLUE PKWY,CD3&4&5,104,15455,1922,6742,1822,4969,2777130.89,1044833.16
70,Blue Pkwy & Eastwood Trfwy,TS,2018,01/30/2018 12:00:00 AM,12,EASTWOOD TFWY,BLUE PKWY,CD5,8,23579,4470,8122,0,10987,2786190.9,1042377.11
71,Blue Pkwy & Elmwood,TS,2017,01/19/2017 12:00:00 AM,5,ELMWOOD AVE,BLUE PKWY,CD5,2,18025,2181,10431,310,5103,2779736.7,1044306.87
72,Blue Pkwy & Hardesty,TS,2019,06/25/2019 12:00:00 AM,5,HARDESTY AV/MANCHESTER TFWY,BLUE PKWY,CD5,5,15049,447,6586,572,7444,2782534.54,1044254.62
77,Blue Ridge Cutoff & Raytown,TS,2018,09/26/2018 12:00:00 AM,5,BLUE RIDGE CUTOFF,RAYTOWN RD,CD3,9,10224,3140,2711,2706,1667,2795426.54,1045063.21
78,Blue Ridge Cutoff & Sni-A-Bar,TS,2017,10/17/2017 12:00:00 AM,12,BLUE RIDGE CUTOFF,SNI-A-BAR-RD,CD3,61,10753,4095,199,3636,2823,2794275.76,1042999.24
79,Blue Ridge & 107th,TS,2017,02/14/2017 12:00:00 AM,12,BLUE RIDGE BLVD,E 107TH ST,CD6,124,13832,5034,1923,5940,935,2786507.47,1006356.96
80,Blue Ridge & 43rd,TS,2017,11/02/2017 12:00:00 AM,5,BLUE RIDGE BLVD,E 43RD ST,CD5,12,5296,1299,669,2208,1120,2806169.51,1047594.55
81,Blue Ridge & 47th,TS,2018,08/23/2018 12:00:00 AM,12,BLUE RIDGE BLVD,E 47TH ST,CD5,15,13409,3620,3489,4526,1774,2806184.95,1044964.32
82,Blue Ridge & 51st,TS,2016,12/13/2016 12:00:00 AM,5,BLUE RIDGE BLVD,E 51ST ST,CD5,18,4867,1910,548,2266,143,2805846.97,1042342.44
83,Blue Ridge & 79th,TS,2017,10/26/2017 12:00:00 AM,12,BLUE RIDGE BLVD,E 79TH ST,CD5,3,6897,2039,565,3822,471,2792686.69,1024622.53
84,Blue Ridge & 87th,TS,2018,06/28/2018 12:00:00 AM,12,BLUE RIDGE BLVD,E 87TH ST,CD5,20,8210,1791,1497,2249,2628,2788813.25,1019423.82
85,Blue Ridge & 99th,TS,2019,08/15/2019 12:00:00 AM,12,BLUE RIDGE BLVD,E 99TH ST,CD5,38,13451,6303,850,5602,696,2786356.25,1011683.78
86,Blue Ridge & Holmes,TS,2017,03/02/2017 12:00:00 AM,12,HOLMES RD,E BLUE RIDGE BLVD,CD6,8,14327,3778,4555,2478,3516,2764229.37,991497.47
87,Blue Ridge & James A Reed,TS,2018,12/20/2018 12:00:00 AM,12,JAMES A REED RD,BLUE RIDGE BLVD,CD5,9,9106,790,4159,1306,2851,2790692.45,1022427.33
88,Blue Ridge & Longview/115th,TS,2017,03/09/2017 12:00:00 AM,5,BLUE RIDGE BLVD,LONGVIEW RD,CD6,61,6660,2208,2082,1495,875,2784926.18,1000865.98
89,Blue Ridge & Red Bridge/111th,TS,2019,07/17/2019 12:00:00 AM,12,BLUE RIDGE BLVD,E 111TH/E RED BRIDGE RD,CD6,58,9333,2789,873,3968,1703,2786069.67,1003446.81
91,Blue River & Red Bridge,TS,2018,08/29/2018 12:00:00 AM,12,BLUE RIVER RD,RED BRIDGE RD,CD6,22,10214,523,3709,1113,4869,2769919.67,1004392.35
92,Broadway & 10th,TS-CBD,2018,04/04/2018 12:00:00 AM,12,BROADWAY BLVD,W 10TH ST,CD4,784,15519,6559,1334,6871,755,2763644.93,1068958.99
93,Broadway & 11th,TS-CBD,2019,06/04/2019 12:00:00 AM,12,BROADWAY BLVD,W 11TH ST,CD4,1271,16079,6213,3266,6110,490,2763627.12,1068457.42
94,Broadway & 12th,TS-CBD,2019,06/04/2019 12:00:00 AM,12,BROADWAY BLVD,W 12TH ST,CD4,849,20420,8178,0,9358,2884,2763615.62,1068128.81
95,Broadway & 13th,TS-CBD,2019,06/04/2019 12:00:00 AM,12,BROADWAY BLVD,W 13TH ST,CD4,395,18975,6869,2809,9292,5,2763602.86,1067647.03
96,Broadway & 14th,TS-CBD,2017,02/22/2017 12:00:00 AM,5,BROADWAY BLVD,W 14TH ST,CD4,57,10224,4490,0,4858,876,2763580.69,1067149.95
97,Broadway & 17th,TS,2017,09/07/2017 12:00:00 AM,5,BROADWAY BLVD,W 17TH ST,CD4,32,4417,2601,327,1089,400,2763523.62,1065484.3
98,Broadway & 20th,TS,2016,10/06/2016 12:00:00 AM,5,BROADWAY BLVD,W 20TH ST,CD4,68,7178,2173,786,2506,1713,2763467.78,1064168.55
99,Broadway & 31st,TS,2019,02/13/2019 12:00:00 AM,5,BROADWAY BLVD,W 31ST ST,CD4,47,16392,7160,3579,1979,3674,2763178.19,1057602.21
101,Broadway & 39th,TS,2017,05/30/2017 12:00:00 AM,12,BROADWAY BLVD,W 39TH ST,CD4,271,11906,4044,2325,2527,3010,2762933.65,1052334.99
102,Broadway & 47th,TS-PLZ,2018,06/13/2018 12:00:00 AM,5,BROADWAY BLVD,W 47TH ST,CD4,1171,7287,1111,2651,1546,1979,2762686.06,1047067
105,Broadway & 7th,TS-CBD,2019,06/04/2019 12:00:00 AM,12,BROADWAY BLVD,W 7TH ST,CD4,539,13579,5672,2522,5381,4,2763691.96,1070118.37
106,Broadway & 8th,TS-CBD,2019,06/04/2019 12:00:00 AM,12,BROADWAY BLVD,W 8TH ST,CD4,714,12204,6120,0,5226,858,2763679.62,1069806.68
107,Broadway & 9th,TS-CBD,2018,06/20/2018 12:00:00 AM,12,BROADWAY BLVD,W 9TH ST,CD4,1054,10672,2966,1798,5331,577,2763665.14,1069452.71
108,Broadway & Knickerbocker/36th,TS,2017,10/25/2017 12:00:00 AM,12,BROADWAY,KNICKERBOCKER PL,CD4,431,15157,9110,0,6047,0,2763031.36,1054511.48
109,Broadway & Linwood Blvd/33rd,TS,2018,03/01/2018 12:00:00 AM,5,BROADWAY BLVD,W LINWOOD BLVD,CD4,115,11609,4351,2102,4034,1122,2763110.72,1056266.28
110,Broadway & Pershing,TS,2014,11/12/2014 12:00:00 AM,5,BROADWAY ST,W PERSHING RD,CD4,24,5480,1008,2095,0,2377,2763372.56,1062035.7
111,Broadway & Southwest Blvd,TS,2017,04/20/2017 12:00:00 AM,5,BROADWAY BLVD,SOUTHWEST BLVD,CD4,66,11937,3214,2727,2798,3198,2763439.33,1063619.47
112,Broadway & Valentine,TS,2018,05/16/2018 12:00:00 AM,5,BROADWAY BLVD,VALENTINE RD,CD4,391,7510,3915,91,2926,578,2763005.86,1053980.74
113,Broadway & Westport,TS,2019,10/23/2019 12:00:00 AM,5,BROADWAY BLVD,WESTPORT RD,CD4,291,6284,3093,907,1445,839,2762999.2,1051079.01
114,Brooklyn & 12th,TS,2017,10/26/2017 12:00:00 AM,5,BROOKLYN AVE,E 12TH ST,CD3,101,3055,447,926,667,1015,2772807.55,1067721.15
117,Brooklyn & 25th,TS,2017,05/10/2017 12:00:00 AM,5,BROOKLYN AVE,E 25TH ST,CD3,18,1228,715,66,389,58,2772547.89,1061112.12
119,Brooklyn & 31st,TS,2017,11/01/2017 12:00:00 AM,12,BROOKLYN AVE,E 31ST ST,CD3,220,10527,1239,4565,780,3943,2772394.46,1057163.71
121,Brooklyn & 35th,TS,2018,04/11/2018 12:00:00 AM,12,BROOKLYN AVE,E 35TH ST,CD3,82,3078,638,477,524,1439,2772286.68,1054523.18
124,Brooklyn & Independence,TS,2018,06/05/2018 12:00:00 AM,12,BROOKLYN AVE,INDEPENDENCE AVE,CD3,242,12483,195,4631,365,7292,2772911.12,1070442.59
126,Brooklyn & Linwood Blvd,TS,2019,10/16/2019 12:00:00 AM,12,BROOKLYN AVE,E LINWOOD BLVD,CD3,117,8703,829,4011,446,3417,2772368.78,1056503.5
127,Brooklyn & Truman,TS,2017,05/31/2017 12:00:00 AM,5,BROOKLYN AVE,E TRUMAN RD,CD3,132,6276,850,1819,858,2749,2772749.51,1066199.06
128,Brookside & 49th,TS,2018,03/22/2018 12:00:00 AM,12,BROOKSIDE BLVD,E 49TH ST,CD4,354,14854,7791,0,5692,1371,2764597.64,1045672.16
129,Brookside & 51st,TS,2019,10/30/2019 12:00:00 AM,5,BROOKSIDE BLVD,E 51ST ST,CD4,216,7922,3239,850,3151,682,2764776.29,1044339.36
130,Brookside & 55th,TS,2019,07/31/2019 12:00:00 AM,12,BROOKSIDE BLVD,E 55TH ST,CD4,430,12329,5378,1543,4280,1128,2764623.95,1041706.6
131,Brookside & 57th,TS,2017,08/17/2017 12:00:00 AM,5,BROOKSIDE BLVD,E 57TH ST,CD4,250,12178,6249,225,5472,232,2764170.44,1040409.75
132,Brookside & 59th,TS,2017,05/23/2017 12:00:00 AM,12,BROOKSIDE BLVD,W 59TH ST,CD4&6,136,11730,6615,978,3837,300,2763634.38,1039106.65
133,Brookside & 63rd,TS,2017,01/25/2017 12:00:00 AM,12,BROOKSIDE BLVD,E 63RD ST,CD6,308,14541,4421,3564,3742,2814,2762722.84,1036779.94
134,Brookside & Volker/Ward Pkwy,TS,2019,05/01/2019 12:00:00 AM,12,BROOKSIDE BLVD,VOLKER BLVD,CD4,172,27331,7518,8591,5403,5819,2764476.89,1045968.75
135,Brookside & Ward Pkwy N Dr,TS,2019,10/29/2019 12:00:00 AM,5,BROOKSIDE BLVD,WARD PKWY_ND (ONE-WAY WB),CD4,36,11305,4817,0,6488,0,2764263.48,1046514.98
136,Brush Creek & Cleveland,TS,2018,08/14/2018 12:00:00 AM,5,CLEVELAND AVE,EMANUEL CLEAVER BLVD,CD3,31,7407,1083,2209,1458,2657,2777165.97,1045616.8
138,Brush Creek & Prospect,TS,2017,04/13/2017 12:00:00 AM,12,PROSPECT AVE,EMANUEL CLEVER II BLVD,CD3,72,8578,1776,2184,1751,2867,2773272.13,1046630.64
140,Brush Creek (46th) & Troost,TS,2019,08/07/2019 12:00:00 AM,12,TROOST AVE,BRUSH CREEK BLVD,CD3,108,7086,2095,508,3387,1096,2768023.01,1047524.37
141,Brush Creek (47th) & Oak,TS,2019,08/06/2019 12:00:00 AM,5,OAK ST,EMANUEL CLEAVER II BLVD,CD4,77,9474,791,3916,1564,3203,2765333.19,1046950.04
142,Brush Creek/46th & Paseo,TS,2018,03/07/2018 12:00:00 AM,5,PASEO BLVD,BRUSH CREEK BLVD,CD3,68,4267,1577,253,1640,797,2769338.65,1047461.55
143,Brush Creek/47th & Paseo,TS,2019,10/30/2019 12:00:00 AM,5,PASEO BLVD,EMANUEL CLEAVER II BLVD,CD3,55,12482,2036,4236,2483,3727,2769294.64,1046843.4
144,Brush Creek/Van Brunt & Elmwood,TS,2019,12/10/2019 12:00:00 AM,5,ELMWOOD AVE,EMANUEL CLEAVER II BLVD,CD3,9,5807,552,2484,1069,1702,2779783.31,1045473.25
146,Central & 11th,TS-CBD,2017,04/05/2017 12:00:00 AM,5,CENTRAL ST (ONE-WAY NB),W 11TH ST (ONE WAY WB),CD4,520,2874,3,1720,1149,2,2764028.58,1068437.67
147,Central & 12th,TS-CBD,2017,04/05/2017 12:00:00 AM,5,CENTRAL ST,W 12TH ST,CD4,1099,3887,0,0,953,2934,2764018.7,1068108.11
148,Central & 13th,TS-CBD,2017,03/01/2017 12:00:00 AM,5,CENTRAL ST,W 13TH ST,CD4,168,2553,0,1767,786,0,2763997.31,1067631.43
149,Central & 14th,TS-CBD,2020,01/22/2020 12:00:00 AM,12,CENTRAL ST,E 14TH ST,CD4,88,2728,0,259,1357,1112,2763978.16,1067124.59
153,Charlotte & 10th,TS-CBD,2017,12/20/2017 12:00:00 AM,12,CHARLOTTE ST,E 10TH ST,CD4,477,6987,1769,0,164,5054,2767759.26,1068827.48
154,Charlotte & 12th,TS-CBD,2017,10/05/2017 12:00:00 AM,12,CHARLOTTE ST,E 12TH ST,CD4,180,3313,889,0,1,2423,2767724.99,1067943.54
157,Charlotte & 22nd,TS,2018,09/05/2018 12:00:00 AM,12,CHARLOTTE ST,E 22ND ST,CD4,438,15669,2339,8799,0,4531,2767537.34,1063102.05
159,Charlotte & 27th,TS,2017,03/28/2017 12:00:00 AM,5,CHARLOTTE ST,E 27TH ST,CD4,23,3553,629,1545,0,1379,2767406.38,1060028.71
160,Charlotte & 31st,TS,2018,05/17/2018 12:00:00 AM,12,CHARLOTTE ST,E 31ST ST,CD4,90,9658,977,4208,0,4473,2767301.51,1057397.83
161,Charlotte & 8th,TS-CBD,2017,12/07/2017 12:00:00 AM,5,CHARLOTTE ST,E 8TH ST,CD4,31,1787,656,0,250,881,2767792.31,1069609.66
162,Charlotte & 9th,TS-CBD,2019,09/25/2019 12:00:00 AM,12,CHARLOTTE ST,E 9TH ST,CD4,209,3813,1542,820,1451,0,2767777.79,1069266.01
163,Charlotte & Admiral,TS-CBD,2019,07/25/2019 12:00:00 AM,12,CHARLOTTE ST,ADMIRAL BLVD,CD4,165,11318,3715,4090,1378,2135,2767806.36,1069993.62
164,Charlotte & Independence,TS-CBD,2018,07/26/2018 12:00:00 AM,12,CHARLOTTE ST,INDEPENDENCE AVE,CD4,52,4839,0,1921,1541,1377,2767820.82,1070675.07
165,Charlotte & Linwood,TS,2018,08/01/2018 12:00:00 AM,12,CHARLOTTE ST,E LINWOOD BLVD,CD4,188,16213,1094,9543,0,5576,2767273.39,1056732.48
166,Charlotte & Truman,TS-CBD,2018,04/05/2018 12:00:00 AM,5,CHARLOTTE ST,E TRUMAN RD,CD4,64,6023,2046,1884,384,1709,2767665.77,1066431.01
169,Cherry/Gillham Rd & 31st,TS,2019,11/20/2019 12:00:00 AM,12,CHERRY ST/GILLHAM RD,E 31ST ST,CD4,163,10393,1073,3576,739,5005,2766643.7,1057430.87
170,Chestnut Trfwy & Independence,TS,2019,12/04/2019 12:00:00 AM,12,CHESTNUT TFWY,INDEPENDENCE AVE,CD3,433,13561,1731,5381,504,5945,2774950.14,1070346.87
172,Chouteau Trfwy & Front,TS,2019,02/28/2019 12:00:00 AM,12,N CHOUTEAU TFWY,E FRONT ST,CD4,52,22292,6124,5888,5257,5023,2782245.09,1079293.18
173,Chouteau Trfwy & Gardner,TS,2019,01/29/2019 12:00:00 AM,12,N CHOUTEAU TFWY,GARDNER AVE,CD4,45,11609,5763,367,3099,2380,2783178.98,1077891.46
174,Cleveland & 23rd,TS,2018,04/04/2018 12:00:00 AM,5,CLEVELAND AVE,E 23RD ST,CD3,24,4870,308,2209,366,1987,2777821.72,1062195.01
176,Cleveland & 31st,TS,2018,10/25/2018 12:00:00 AM,12,CLEVELAND AVE,E 31ST ST,CD3,103,10583,827,4751,1073,3932,2777620.88,1056937.35
178,Cleveland & 43rd,TS,2017,12/07/2017 12:00:00 AM,12,CLEVELAND AVE,E 43RD ST,CD3,129,4203,882,543,1807,971,2777308.11,1049042.44
179,Cleveland & 45th St,TS,2011,07/26/2017 12:00:00 AM,12,CLEVELAND AVE,E 45TH ST,CD3,55,4091,1473,471,2003,144,2777256.01,1047721.43
180,Cleveland & 53rd,TS,2018,07/25/2018 12:00:00 AM,12,CLEVELAND AVE,E 53RD ST,CD3,37,5396,2181,505,2639,71,2777026.9,1042464.51
181,Cleveland & Gregory,TS,2018,01/09/2018 12:00:00 AM,12,CLEVELAND AVE,E GREGORY BLVD,CD5,100,7845,1761,2802,1302,1980,2776522.1,1031042.37
182,Cleveland & Linwood,TS,2018,03/15/2018 12:00:00 AM,12,CLEVELAND AVE,E LINWOOD BLVD,CD3,83,8018,924,2574,1389,3131,2777593.91,1056274.54
183,Cleveland & Swope Pkwy,TS,2020,01/30/2020 12:00:00 AM,5,CLEVELAND AVE,SWOPE PKWY,CD5,1,2053,971,0,1081,0,2776919.85,1040872.2
184,Cleveland & Truman,TS,2018,04/12/2018 12:00:00 AM,5,CLEVELAND AVE,TRUMAN RD,CD3,40,6465,41,3632,430,2362,2777969.94,1065951.28
185,Corrington & Front,TS,2018,04/10/2018 12:00:00 AM,5,N CORRINGTON AVE,E FRONT ST,CD4,6,4084,681,1415,140,1848,2789751.86,1078988.23
188,Delaware & Independence,TS-OCS-CBD-ST/CAR,2019,12/04/2019 12:00:00 AM,5,DELAWARE ST,INDEPENDENCE AVE (ONE WAY WB),CD4,71,3109,137,1950,1022,0,2764919.99,1070758.27
195,Euclid & 63rd,TS,2017,09/12/2017 12:00:00 AM,12,EUCLID AVE,E 63RD ST,CD5,51,14027,0,7349,503,6175,2770788.2,1036316.51
198,Ewing & Independence,TS,2016,12/01/2016 12:00:00 AM,12,EWING AVE,INDEPENDENCE AVE,CD3,36,13711,1324,6131,0,6256,2787921,1069766.68
199,Food Lane & Longview,TS,2012,01/28/2020 12:00:00 AM,12,FOOD LN /EASTERN AVE,LONGVIEW RD,CD6,47,5652,69,1781,1400,2402,2787204.33,1000691.68
200,Front & Jackson,TS,2019,05/16/2019 12:00:00 AM,12,N JACKSON AVE,E FRONT ST,CD4,7,10897,977,4516,0,5405,2779708.78,1079377.41
201,Front & Kansas,TS,2017,11/15/2017 12:00:00 AM,5,N KANSAS AVE,FRONT ST,CD4,1,7227,0,3594,272,3361,2775410.22,1078534.4
203,Front & Topping,TS,2019,08/27/2019 12:00:00 AM,12,N TOPPING AVE,E FRONT ST,CD4,31,18130,2687,9106,0,6337,2784703.98,1079202.24
204,Front & Universal,TS,2019,07/10/2019 12:00:00 AM,12,UNIVERSAL AVE,E FRONT ST,CD4,22,18790,2666,7396,468,8260,2786878.71,1079107.06
206,Gillham Plz & 31st,TS,2017,11/29/2017 12:00:00 AM,12,GILLIAM PLZ,E 31ST ST,CD4,156,17757,5286,3994,4181,4296,2766308.6,1057447.84
207,Gillham Plz & Linwood,TS,2018,10/04/2018 12:00:00 AM,5,GILLHAM PLZ,E LINWOOD BLVD,CD4,41,13017,3861,5229,1630,2297,2766271.24,1056644.04
209,Gillham Rd & 27th,TS,2018,01/09/2018 12:00:00 AM,5,GILLHAM RD,E 27TH ST,CD4,70,6631,2336,929,2328,1038,2766422.01,1060073.09
210,Gillham Rd & 39th,TS,2018,08/30/2018 12:00:00 AM,12,GILLHAM RD,E 39TH ST,CD4,63,16742,2986,4173,4502,5081,2765991.31,1052188.39
211,Gillham Rd & Linwood,TS,2018,12/11/2018 12:00:00 AM,12,GILLHAM RD,E LINWOOD BLVD,CD4,211,13082,1138,6974,204,4766,2766619.96,1056763.01
212,Gillham Rd & McGee,TS,2019,02/14/2019 12:00:00 AM,5,GILLHAM RD,MCGEE TFWY,CD4,260,5989,2949,222,2528,290,2766348.33,1058354.14
213,Gillham & W Gillham & 42nd,TS,2019,12/18/2019 12:00:00 AM,12,GILLHAM RD WD (ONE-WAY NB/SB),E 42ND ST,CD4,33,6193,3212,0,2932,49,2766131.87,1050218.52
214,Grand & 10th,TS-CBD,2018,02/08/2018 12:00:00 AM,5,GRAND AVE,E 10TH ST,CD4,460,5468,1452,0,2241,1775,2765778.2,1068911.44
215,Grand & 11th,TS-CBD,2017,02/02/2017 12:00:00 AM,5,GRAND AV,E 11TH ST,CD4,526,4938,1398,2133,1407,0,2765768.55,1068469.68
216,Grand & 12th,TS-CBD,2017,02/02/2017 12:00:00 AM,5,GRAND BLVD,E 12TH ST,CD4,482,4656,1111,0,1425,2120,2765744.88,1068031.67
217,Grand & 13th,TS-CBD,2017,08/30/2017 12:00:00 AM,5,GRAND BLVD,E 13TH ST,CD4,414,3539,689,1075,1775,0,2765727.67,1067544.47
218,Grand & 14th,TS-CBD,2018,01/23/2018 12:00:00 AM,5,GRAND BLVD,E 14TH,CD4,305,2835,1245,0,1221,369,2765707.28,1067052.06
219,Grand & 18th,TS,2017,09/06/2017 12:00:00 AM,12,GRAND BLVD,E 18TH ST,CD4,559,9333,2635,2352,3351,995,2765622.53,1065066.98
220,Grand & 19th,TS,2017,01/18/2017 12:00:00 AM,12,GRAND BLVD,E 19TH ST,CD4,185,11367,3402,2191,3589,2185,2765601.58,1064568.37
221,Grand & 20th,TS,2019,05/29/2019 12:00:00 AM,12,GRAND BLVD,E 20TH ST,CD4,920,12255,3520,1539,4152,3044,2765582.07,1064087.53
222,Grand & 22nd,TS,2019,04/04/2019 12:00:00 AM,5,GRAND BLVD,E 22ND ST,CD4,202,5152,1951,1303,1388,510,2765551.73,1063128.75
223,Grand & 27th,TS,2017,05/18/2017 12:00:00 AM,12,GRAND BLVD,E 27TH ST,CD4,226,8867,3299,1335,2962,1271,2764964.31,1060146.56
224,Grand & 31st,TS,2018,01/18/2018 12:00:00 AM,12,GRAND AVE,E 31ST ST,CD4,64,10316,17,4234,0,6065,2765136.48,1057506.35
225,Grand & 5th,TS-OCS-CBD-ST/CAR,2016,07/13/2016 12:00:00 AM,5,GRAND AV,E 5TH ST,CD4,113,2627,933,408,874,412,2765870.69,1071283.11
226,Grand & 6th,TS-CBD,2018,01/18/2018 12:00:00 AM,5,GRAND AVE,E 6TH ST (ONE-WAY EB),CD4,48,4603,928,1,1710,1964,2765929.53,1070356.81
227,Grand & 7th/Admiral,TS-CBD,2019,04/23/2019 12:00:00 AM,12,GRAND BLVD,ADMIRAL BLVD/E 7TH ST,CD4,415,6339,1856,1961,2522,0,2765858.7,1070071.51
228,Grand & 8th,TS-CBD,2017,10/05/2017 12:00:00 AM,5,GRAND AVE,E 8TH ST,CD4,310,3404,1148,0,1543,713,2765813.82,1069696.84
229,Grand & 9th,TS-CBD,2017,09/13/2017 12:00:00 AM,5,GRAND AVE,E 9TH ST,CD4,273,3502,1202,745,1555,0,2765798.4,1069356.79
232,Grand & Linwood,TS,2018,03/21/2018 12:00:00 AM,5,GRAND BLVD(COSTCO ENTRANCE),LINWOOD BLVD,CD4,97,7675,0,3374,1132,3169,2765312.01,1056559.08
233,Grand & Main at 28th,TS,2019,01/22/2019 12:00:00 AM,5,MAIN ST,GRAND BLVD,CD4,40,7013,2543,1382,3088,0,2764593.37,1059358.57
234,Grand & Pershing,TS,2018,05/23/2018 12:00:00 AM,5,GRAND BLVD,E PERSHING RD,CD4,636,9022,2501,1707,2575,2239,2765510.97,1062278.38
235,Grand & Truman N Dr,TS-CBD,2018,05/30/2018 12:00:00 AM,12,GRAND BLVD,E TRUMAN RD (ND),CD4,423,7948,2166,3009,2773,0,2765694.91,1066745.86
236,Grand & Truman S Dr,TS-CBD,2019,09/24/2019 12:00:00 AM,12,GRAND BLVD,TRUMAN RD_SD,CD4,887,13827,3976,0,4356,5495,2765684.26,1066506.32
239,Grandview Rd & Red Bridge,TS,2018,02/28/2018 12:00:00 AM,5,GRANDVIEW RD,E RED BRIDGE RD,CD6,14,6453,991,2702,1036,1724,2779521.7,1003923.76
240,Gregory & Bales,TS,2017,07/27/2017 12:00:00 AM,12,BALES AVE,GREGORY BLVD,CD5,60,4952,115,2373,115,2349,2775513.76,1030770.81
241,Gregory & Holmes,TS,2017,02/16/2017 12:00:00 AM,12,HOLMES RD,GREGORY BLVD,CD6,41,12765,3798,3181,3464,2322,2765997.66,1031308.44
243,Gregory & Main,TS,2017,08/10/2017 12:00:00 AM,12,MAIN ST,GREGORY BLVD,CD6,136,9021,988,3899,902,3232,2763372.76,1031453.62
244,Gregory & Oak,TS,2018,12/12/2018 12:00:00 AM,12,OAK ST,E GREGORY BLVD,CD6,137,7901,1375,3312,765,2449,2764667.16,1031383.9
246,Gregory & Paseo,TS,2014,07/03/2014 12:00:00 AM,12,PASEO BLVD,GREGORY BLVD,CD5,48,11798,2771,3652,2004,3371,2770461.16,1031055.92
247,Gregory & Prospect,TS,2019,01/17/2019 12:00:00 AM,12,PROSPECT AVE,GREGORY BLVD,CD5,202,11230,2739,4264,1059,3168,2772535.47,1030947.01
248,Gregory & Troost,TS,2017,03/21/2017 12:00:00 AM,5,TROOST AVE,GREGORY BLVD,CD5&6,45,11552,3512,1978,3862,2200,2767306.9,1031226.86
249,Gregory & Ward Pkwy,TS,2016,01/28/2016 12:00:00 AM,5,WARD PKWY,W GREGORY BLVD,CD6,42,17732,8520,1394,6571,1247,2759377.28,1031682.87
250,Gregory & Wornall,TS,2017,01/25/2017 12:00:00 AM,12,WORNALL RD,W GREGORY BLVD,CD4,135,16636,5382,3868,4861,2525,2762047.6,1031529.12
251,Gregory/71st & State Line,TS,2018,12/13/2018 12:00:00 AM,12,STATE LINE RD,W GREGORY BLVD,CD6,14,14074,4854,2228,5244,1748,2758048.7,1031726.54
252,Hardesty & 12th,TS,2018,09/19/2018 12:00:00 AM,12,HARDESTY AVE,E 12TH ST,CD3,245,8605,2922,1366,3200,1117,2783267.39,1067255.52
253,Hardesty & 17th,TS,2017,06/27/2017 12:00:00 AM,12,HARDESTY AVE,E 17TH ST,CD3,140,5932,1517,668,3084,663,2783166.43,1064618.61
254,Hardesty & 23rd,TS,2018,10/04/2018 12:00:00 AM,12,HARDESTY AVE,E 23RD ST,CD3,83,13584,2134,5110,3003,3337,2783061.11,1061980.39
256,Hardesty & 9th,TS,2017,06/20/2017 12:00:00 AM,12,HARDESTY AVE,E 9TH ST,CD3,105,8144,3005,948,2767,1424,2783321.32,1068608.12
257,Hardesty & Independence,TS,2018,12/05/2018 12:00:00 AM,5,HARDESTY AVE,INDEPENDENCE AVE,CD3,129,8140,1070,2670,1602,2798,2783286.42,1069973.82
258,Hardesty & Truman,TS,2019,10/22/2019 12:00:00 AM,5,HARDESTY AVE,TRUMAN RD,CD3,59,9064,1432,2806,1306,3520,2783219.94,1065917.25
259,Hardesty & Winner & 11th,TS,2019,10/24/2019 12:00:00 AM,12,HARDESTY AVE,WINNER RD,CD3,77,7512,2738,1603,2244,927,2783290.95,1067774.35
262,Hickman Mills & 85th,TS,2018,06/27/2018 12:00:00 AM,12,HICKMAN MILLS DR,E 85TH ST,CD5,12,15101,3181,3997,4124,3799,2774791.23,1021761.8
263,Hickman Mills & Marion Park Dr,TS,2018,04/16/2018 12:00:00 AM,5,MARION PARK DR,HICKMAN MILLS DR,CD5,7,3389,1695,72,984,638,2778451.33,1013737.19
264,Hickman Mills & Prospect N at 80th Ter,TS,2016,12/14/2016 12:00:00 AM,12,HICKMAN MILLS DR,PROSPECT AVE,CD5,5,4044,1283,1396,1365,0,2772193.01,1024460.62
265,Hickman Mills & Prospect S at 81st,TS,2016,12/15/2016 12:00:00 AM,12,HICKMAN MILLS DR,PROSPECT AVE,CD5,4,5514,1930,0,3045,539,2772328.59,1024062.93
266,Hickman Mills & Red Bridge,TS,2018,04/24/2018 12:00:00 AM,5,HICKMAN MILLS DR,RED BRIDGE RD,CD6,17,4866,1091,1864,297,1614,2781732.59,1004385.25
267,Hillcrest & 103rd,TS,2018,08/30/2018 12:00:00 AM,12,HILLCREST RD,E 103RD ST,CD5,11,3608,1473,256,1273,606,2782292.72,1009246.28
269,Hillcrest & 87th,TS,2019,10/22/2019 12:00:00 AM,12,HILLCREST RD,E 87TH ST,CD5,59,18365,1082,7262,2928,7093,2782703.94,1019804.6
273,Hillcrest & Red Bridge,TS,2016,12/06/2016 12:00:00 AM,5,HILLCREST RD,RED BRIDGE RD,CD6,11,4051,685,1460,217,1689,2782151.95,1004304.61
276,Holmes & 105th,TS,2017,06/21/2017 12:00:00 AM,12,HOLMES RD,E 105TH ST,CD6,22,12979,4950,0,7389,640,2765130.25,1009134.07
279,Holmes & 118th Ter,TS,2018,10/18/2018 12:00:00 AM,12,HOLMES RD,E 118TH TERR,CD6,25,7436,3775,189,3472,0,2764721.71,999903.56
281,Holmes & 12th,TS-CBD,2018,03/29/2018 12:00:00 AM,5,HOLMES ST,E 12TH ST,CD4,234,3825,0,0,1348,2477,2767404.91,1067957.1
282,Holmes & 13th,TS-CBD,2017,03/22/2017 12:00:00 AM,5,HOLMES ST,E 13TH ST,CD4,509,3638,0,2217,1421,0,2767383.88,1067492.7
283,Holmes & 14th,TS-CBD,2018,04/17/2018 12:00:00 AM,5,HOLMES ST,E 14TH ST,CD4,157,1812,0,0,1270,542,2767368.62,1067054.68
284,Holmes & 18th,TS,2018,08/22/2018 12:00:00 AM,12,HOLMES ST,E 18TH ST,CD4,193,4481,0,1921,1340,1220,2767284.87,1064999.46
285,Holmes & 19th,TS,2017,05/11/2017 12:00:00 AM,5,HOLMES ST,E 19TH ST,CD4,40,2549,1,520,1033,995,2767269.53,1064512.49
286,Holmes & 23rd,TS,2019,03/06/2019 12:00:00 AM,12,HOLMES ST,E 23RD ST,CD4,622,3936,0,0,3082,854,2767199.12,1062680.33
287,Holmes & 25th,TS,2019,06/05/2019 12:00:00 AM,12,HOLMES ST,E 25TH ST,CD4,716,4301,0,2275,1282,744,2767138.46,1061358.62
288,Holmes & 27th,TS,2019,03/20/2019 12:00:00 AM,12,HOLMES ST,E 27TH ST,CD4,130,6224,0,3599,660,1965,2767075.74,1060043.69
289,Holmes & 29th,TS,2018,07/26/2018 12:00:00 AM,12,HOLMES ST,E 29TH ST,CD4,55,1123,0,0,1004,119,2767027.62,1058733.61
290,Holmes & 31st,TS,2018,05/03/2018 12:00:00 AM,12,HOLMES ST,E 31ST ST,CD4,151,10275,0,4732,763,4780,2766976.55,1057414.1
291,Holmes & 63rd,TS,2017,08/08/2017 12:00:00 AM,12,HOLMES RD,E 63RD ST,CD5&6,72,8526,435,3630,643,3818,2766209.72,1036563.67
292,Holmes & 69th,TS,2018,10/31/2018 12:00:00 AM,12,HOLMES RD,E 69TH ST,CD4,41,8205,4019,230,3800,156,2766053.41,1032619.43
293,Holmes & 75th,TS,2019,12/11/2019 12:00:00 AM,5,HOLMES RD,E 75TH ST,CD5&6,64,8800,2003,1815,2912,2070,2765890.97,1028655.88
294,Holmes & 79th,TS,2018,10/03/2018 12:00:00 AM,12,HOLMES RD,E 79TH ST,CD5&6,20,10304,4870,258,4696,480,2765786.06,1026034.69
295,Holmes & 81st,TS,2017,07/26/2017 12:00:00 AM,12,HOLMES RD,E 81ST ST,CD5&6,19,9069,4273,267,4280,249,2765732.1,1024718.24
296,Holmes & 85th,TS,2019,08/29/2019 12:00:00 AM,12,HOLMES RD,E 85TH ST,CD5&6,81,17324,3913,3595,5729,4087,2765629.64,1022096.88
297,Holmes & 89th,TS,2020,02/04/2020 12:00:00 AM,12,HOLMES RD,E 89TH ST,CD5,17,10741,5032,438,4463,808,2765533.62,1019418.56
298,Holmes & 99th,TS,2017,01/24/2017 12:00:00 AM,12,HOLMES RD,E 99TH ST,CD5,30,16327,7668,1051,6151,1457,2765289.92,1012830.36
299,Holmes & Meyer,TS,2019,08/28/2019 12:00:00 AM,12,HOLMES RD,E MEYER BLVD,CD5&6,236,5598,771,1823,932,2072,2766183.79,1035920.19
300,Holmes & Minor,TS,2019,12/05/2019 12:00:00 AM,5,HOLMES RD,E MINOR DR,CD6,18,5201,3411,0,1010,780,2764897.83,1002990.18
301,Holmes & Porte Cima Pas,TS,2019,12/11/2019 12:00:00 AM,12,HOLMES RD,E PORTE CIMI PAS,CD6,60,9723,5345,423,3784,171,2765554.31,1019927.42
302,Holmes & Red Bridge,TS,2018,03/20/2018 12:00:00 AM,5,HOLMES RD,E RED BRIDGE RD,CD6,18,11017,3431,2389,2992,2205,2764996.2,1004606.53
303,Holmes & Rockhill,TS,2018,09/19/2018 12:00:00 AM,12,HOLMES RD,ROCKHILL RD,CD4,11,9624,877,2574,5386,787,2766112.52,1034200.29
304,Holmes & Truman,TS-CBD,2017,10/05/2017 12:00:00 AM,5,HOLMES ST,E TRUMAN RD,CD4,124,5362,0,1980,1148,2234,2767349.23,1066444.37
307,Independence & Brighton,TS,2018,08/16/2018 12:00:00 AM,12,BRIGHTON AVE,INDEPENDENCE AVE,CD3,227,9464,0,5538,0,3926,2782076.07,1070035.43
308,Independence & Monroe,TS,2018,08/08/2018 12:00:00 AM,12,MONROE AVE,INDEPENDENCE AVE,CD3,212,10934,553,4889,0,5492,2778022.5,1070205.94
309,Independence & Norton,TS,2018,04/03/2018 12:00:00 AM,5,NORTON AVE,INDENPENDENCE AVE,CD3,102,6156,173,2874,104,3005,2779022.72,1070169.73
311,Independence & Prospect,TS,2017,04/20/2017 12:00:00 AM,5,PROSPECT AVE,INDEPENDENCE AVE,CD3,317,7700,487,2903,1184,3126,2774225.84,1070375.74
312,Independence & Topping/Wilson,TS,2018,02/28/2018 12:00:00 AM,5,TOPPING AV / WILSON RD,INDEPENDENCE AVE,CD3,100,7480,1721,2640,0,3119,2784596.19,1069910.87
314,Independence & Van Brunt,TS,2020,02/11/2020 12:00:00 AM,5,VAN BRUNT BLVD,INDEPENDENCE AVE,CD3,166,7243,1376,2250,1049,2568,2781305.18,1070064.43
315,Independence & Winner,TS,2019,10/24/2019 12:00:00 AM,5,WINNER RD,INDEPENDENCE AVE,CD3,55,7015,127,3207,1118,2563,2786345.14,1069833.25
316,Independence & Woodland,TS,2017,05/30/2017 12:00:00 AM,5,WOODLAND AVE,INDEPENDENCE AVE,CD3,327,6148,341,1671,551,3585,2771613.3,1070504.13
321,Indiana & 18th,TS,2017,11/01/2017 12:00:00 AM,5,INDIANA AVE,E 18TH ST,CD3,6,2310,613,669,269,759,2776621.87,1064620.14
323,Indiana & 27th,TS,2017,12/14/2017 12:00:00 AM,5,INDIANA AVE,E 27TH ST,CD3,59,3881,696,1159,678,1348,2776424.79,1059620.17
324,Indiana & 31st,TS,2016,11/03/2016 12:00:00 AM,12,INDIANA,E 31 ST ST,CD3,337,12508,1598,4897,1199,4814,2776322.3,1056992.38
325,Indiana & 33rd,TS,2018,11/15/2018 12:00:00 AM,12,INDIANA AVE,E 33RD ST,CD3,123,3490,1840,206,1306,138,2776268.46,1055672.21
326,Indiana & 35th,TS,2017,08/01/2017 12:00:00 AM,12,INDIANA AVE,E 35TH ST,CD3,143,4832,1616,991,1229,996,2776215.07,1054363.19
328,Indiana & 39th,TS,2017,08/03/2017 12:00:00 AM,12,INDIANA AVE,E 39TH ST,CD3,600,6965,1362,1940,1118,2545,2776107.8,1051734.62
330,Indiana & 63rd,TS,2017,08/17/2017 12:00:00 AM,12,INDIANA AVE,E 63RD ST,CD5,74,12058,224,5496,442,5896,2775390.57,1036061.32
331,Indiana & Linwood,TS,2018,08/07/2018 12:00:00 AM,12,INDIANA AVE,E LINWOOD BLVD,CD3,171,7549,1250,2184,1105,3010,2776295.23,1056328.71
332,Indiana & Truman,TS,2019,03/07/2019 12:00:00 AM,5,INDIANA AVE,E TRUMAN RD,CD3,26,8398,296,2230,697,5175,2776678.2,1066013.03
333,Jackson & 23rd,TS,2019,11/21/2019 12:00:00 AM,12,JACKSON AVE,E 23RD ST,CD3,50,9982,363,4945,1191,3483,2779132.09,1062141.89
336,Jackson & 31st,TS,2020,01/08/2020 12:00:00 AM,12,JACKSON AVE,E 31ST ST,CD3,187,10932,2382,2633,1656,4261,2778918.43,1056887.1
337,Jackson & Linwood,TS,2017,08/08/2017 12:00:00 AM,12,JACKSON AVE,E LINWOOD BLVD,CD3,70,7696,1619,1807,1123,3147,2778897.92,1056223.12
339,Jackson & Truman,TS,2017,10/24/2017 12:00:00 AM,12,JACKSON AVE,TRUMAN RD,CD3,108,14056,1299,4221,1734,6802,2779281.06,1065893.49
344,JC Nichols Pkwy & 47th,TS-PLZ,2019,10/30/2019 12:00:00 AM,5,JC NICHOLS PKWY,EMANUEL CLEAVER II BLVD / W 47TH,CD4,182,11921,3044,4694,1834,2349,2763703.95,1047019.09
345,JC Nichols Pkwy & Ward Pkwy N Dr,TS-PLZ,2019,10/30/2019 12:00:00 AM,5,JC NICHOLS PKWY,WARD PKWY_ND,CD4,422,4970,1658,1569,1448,295,2763682.96,1046530.12
346,JC Nichols Pkwy/Broadway & 43rd,TS,2019,02/21/2019 12:00:00 AM,5,BROADWAY BLVD/JC NICHOLS PKWY,W 43RD ST,CD4,130,8348,2380,1058,2395,2515,2763641.19,1049650.77
347,Jefferson & 47th,TS-PLZ,2019,10/30/2019 12:00:00 AM,5,JEFFERSON ST,W 47TH ST,CD4,134,5428,633,2470,397,1928,2761824.3,1047087.89
348,Kensington & 155th,TS,2018,04/03/2018 12:00:00 AM,12,KENSINGTON AVE,E 155TH ST,CD6,1,3813,1263,1153,1180,217,2775834.75,974900.97
349,Kessler & Pershing,TS,2018,01/25/2018 12:00:00 AM,5,KESSLER RD,W PERSHING RD,CD4,147,4950,423,1960,272,2295,2764333.58,1062117.66
351,Linwood & 31st at Brighton,TS,2017,02/02/2017 12:00:00 AM,5,LINWOOD BLVD,E 31ST ST,CD3,35,5489,719,1651,1574,1545,2781742.88,1056768.74
352,Linwood & Main,TS,2019,05/21/2019 12:00:00 AM,5,MAIN ST,LINWOOD BLVD,CD4,161,14918,5347,3505,3516,2550,2764448.65,1056552.37
353,Linwood & Paseo,TS,2016,12/15/2016 12:00:00 AM,12,PASEO BLVD,LINWOOD BLVD,CD3,101,12602,1501,3773,2099,5229,2769741.39,1056621.31
354,Linwood & Prospect,TS,2018,05/29/2018 12:00:00 AM,5,PROSPECT AVE,E LINWOOD BLVD,CD3,168,6602,1595,1570,1353,2084,2773680.07,1056445.73
355,Linwood & Troost,TS,2019,06/06/2019 12:00:00 AM,5,TROOST AV,E LINWOOD BLVD,CD3&4,212,8703,1317,2984,1776,2626,2768431.17,1056674.01
356,Linwood & Woodland,TS,2018,09/20/2018 12:00:00 AM,12,WOODLAND AVE,E LINWOOD BLVD,CD3,94,11404,393,6190,441,4380,2771052.06,1056563.87
357,Locust & 10th,TS-CBD,2017,08/23/2017 12:00:00 AM,12,LOCUST ST,E 10TH ST,CD4,1417,7586,0,0,2890,4696,2766775.42,1068864.3
359,Locust & 12th,TS-CBD,2017,03/22/2017 12:00:00 AM,5,LOCUST ST,E 12TH ST,CD4,791,1582,0,3,500,1079,2766741.19,1067985.19
360,Locust & 13th,TS-CBD,2019,10/15/2019 12:00:00 AM,12,LOCUST ST,E 13TH ST,CD4,2311,4882,1,3525,1353,3,2766723.57,1067514.29
362,Locust & 8th,TS-CBD,2019,07/23/2019 12:00:00 AM,12,LOCUST ST,E 8TH ST,CD4,113,5055,0,0,3479,1576,2766807.39,1069652.56
363,Locust & 9th,TS-CBD,2015,01/22/2015 12:00:00 AM,5,LOCUST ST,E 9TH ST,CD4,130,2864,0,1107,1757,0,2766794.97,1069314.21
364,Locust & Admiral & Oak,TS-CBD,2018,03/28/2018 12:00:00 AM,5,LOCUST ST / OAK ST,ADMIRAL BLVD,CD4,79,8715,3816,1720,3179,0,2766801.19,1070001.71
369,Madison & 43rd,TS,2018,05/31/2018 12:00:00 AM,5,MADISON AV,W 43RD ST,CD4,21,11943,0,1391,7568,2984,2761161.96,1049747.33
370,Madison (SW Trfwy) & Roanoke Pkwy & 47t,TS-PLZ,2019,10/30/2019 12:00:00 AM,5,MADISON AV / ROANOKE PKWY,W 47TH ST,CD4,72,11060,0,2586,6537,0,2761056.57,1047133.13
373,Main & 10th,TS-OCS-CBD-ST/CAR,2019,06/04/2019 12:00:00 AM,12,MAIN ST,E 10TH ST,CD4,3810,8641,4488,0,2630,1523,2765121.41,1068920.5
374,Main & 11th,TS-OCS-CBD-ST/CAR,2019,06/04/2019 12:00:00 AM,12,MAIN ST,PETTICOAT LN/ E 11TH ST,CD4,3729,7578,2897,1841,2840,0,2765108.2,1068430.12
375,Main & 12th,TS-OCS-CBD-ST/CAR,2016,05/04/2016 12:00:00 AM,12,MAIN ST,E 12TH ST,CD4,7073,9077,1982,0,2714,4381,2765098.15,1068056.87
376,Main & 13th,TS-OCS-CBD-ST/CAR,2017,08/29/2017 12:00:00 AM,5,MAIN ST,13TH ST,CD4,1723,4439,1182,1631,1626,0,2765079.34,1067578.31
377,Main & 14th (Truman N Dr),TS-OCS-CBD-ST/CAR,2019,06/04/2019 12:00:00 AM,12,MAIN ST,E 14TH ST,CD4,3130,8995,3283,432,2784,2496,2765058.21,1067075.54
378,Main & 18th,TS-OCS-ST/CAR,2016,05/26/2016 12:00:00 AM,12,MAIN ST,E 18TH ST,CD4,345,8255,1841,1947,3342,1125,2764986.18,1065092.73
379,Main & 19th,TS-OCS-ST/CAR,2019,10/03/2019 12:00:00 AM,5,MAIN ST,E 19TH ST,CD4,573,5314,1594,820,1216,1684,2764969.94,1064598.32
380,Main & 20th,TS-OCS-ST/CAR,2017,08/29/2017 12:00:00 AM,12,MAIN ST,20TH ST,CD4,364,10924,2239,1935,3010,3740,2764937.45,1064114.98
381,Main & 27th,TS,2018,09/27/2018 12:00:00 AM,5,MAIN ST,E 27TH ST,CD4,31,6512,1221,765,4526,0,2764676.42,1060153.94
382,Main & 29th/Warwick Trfwy,TS,2018,06/06/2018 12:00:00 AM,12,MAIN ST,WARWICK TFWY/E 29TH ST,CD4,120,13010,4822,184,7883,121,2764545.9,1058899.62
383,Main & 31st,TS,2016,12/27/2016 12:00:00 AM,5,MAIN ST,E 31ST ST,CD4,226,11425,4211,1639,2943,2632,2764485.64,1057537.52
384,Main & 36th,TS,2019,06/26/2019 12:00:00 AM,12,MAIN ST,E 36TH ST,CD4,260,20940,9887,1602,8693,758,2764350.6,1054241.88
385,Main & 39th,TS,2017,02/01/2017 12:00:00 AM,12,MAIN ST,E 39TH ST,CD4,1104,29296,9161,7158,8259,4718,2764257.76,1052272.84
386,Main & 40th,TS,2017,10/03/2017 12:00:00 AM,12,MAIN ST,40TH ST,CD4,301,17205,7825,902,7607,871,2764216.76,1051396.26
387,Main & 43rd,TS,2018,05/30/2018 12:00:00 AM,5,MAIN ST,E 43RD ST,CD4,134,9572,3851,831,3471,1419,2764132.65,1049634.21
388,Main & 45th,TS,2019,10/31/2019 12:00:00 AM,5,MAIN ST,E 45TH ST,CD4,151,6893,2366,316,3759,452,2764078.05,1048299.83
389,Main & 47th/Brush Creek,TS,2019,05/23/2019 12:00:00 AM,12,BROOKSIDE BLVD / MAIN ST,EMANUEL CLEAVER II BLVD,CD4,981,35036,10823,9006,6398,8809,2764055.43,1047042.85
391,Main & 51st,TS,2018,12/06/2018 12:00:00 AM,12,MAIN ST,E 51ST ST,CD4,436,5455,1783,1011,1184,1477,2763906.56,1044378.93
392,Main & 51st Ter,TS,2018,03/21/2018 12:00:00 AM,12,MAIN ST,E 51ST TERR,CD4,2516,2215,1124,65,1026,0,2763885.95,1043880.35
393,Main & 55th,TS,2019,08/01/2019 12:00:00 AM,12,MAIN ST,E 55TH ST,CD4,74,3591,782,988,228,1593,2763788.07,1041746.18
395,Main & 63rd,TS,2019,12/19/2019 12:00:00 AM,12,MAIN ST,E 63RD ST,CD6,230,12398,1774,5116,1960,3548,2763601.98,1036719.53
396,Main & 75th,TS,2019,05/14/2019 12:00:00 AM,12,MAIN ST,E 75TH ST,CD6,349,12702,1032,6348,534,4788,2763255.48,1028804.57
397,Main & 8th,TS-OCS-CBD-ST/CAR,2019,06/04/2019 12:00:00 AM,12,MAIN ST,E 8TH ST,CD4,1973,8441,3345,0,3484,1612,2765142.97,1069721.34
398,Main & 9th,TS-OCS-CBD-ST/CAR,2019,06/04/2019 12:00:00 AM,12,MAIN ST,E 9TH ST,CD4,2099,8960,3718,1828,2261,1153,2765133.9,1069384.35
399,Main & Delaware & 7th,TS-OCS-CBD-ST/CAR,2017,03/09/2017 12:00:00 AM,5,DELAWARE ST/MAIN ST,E 7TH ST,CD4,336,3764,580,928,1759,497,2765150.9,1070098.24
401,Main & Pershing,TS-OCS,2019,07/24/2019 12:00:00 AM,5,MAIN ST,E PERSHING RD,CD4,1154,7892,1721,1885,1984,2302,2764833.39,1062270.06
402,Main & Truman N Dr,TS-OCS-CBD-ST/CAR,2019,09/11/2019 12:00:00 AM,12,MAIN ST,TRUMAN RD ND,CD4,608,8190,1812,3510,2859,0,2765045.11,1066780.53
403,Main & Truman S Dr,TS-OCS-CBD-ST/CAR,2019,09/12/2019 12:00:00 AM,12,MAIN ST,E TRUMAN RD SD,CD4,1038,9812,3164,0,2509,4139,2765035.75,1066541.37
404,Main & Westport,TS,2019,09/19/2019 12:00:00 AM,12,MAIN ST,WESTPORT RD,CD4,192,19253,8604,0,8828,1821,2764236.82,1051822.54
406,Manchester & 63rd,TS,2019,12/10/2019 12:00:00 AM,12,MANCHESTER TFWY,E 63RD TFWY,CD5,16,12658,476,5870,0,6312,2780760.88,1036588.82
413,McGee & 19th,TS,2017,10/18/2017 12:00:00 AM,12,MCGEE ST,E 19TH ST,CD4,278,6571,429,2216,1391,2535,2765939.68,1064558.35
416,McGee & Pershing,TS,2018,11/08/2018 12:00:00 AM,12,MCGEE ST,PERSHING RD,CD4,568,8292,2408,1582,1102,3200,2765852.28,1062262.38
418,McGee & Truman S Dr,TS-CBD,2019,09/19/2019 12:00:00 AM,12,MCGEE ST,E TRUMAN RD_SD (ONE WAY-EB),CD4,191,9157,0,0,1224,7933,2766030.79,1066491.61
419,Meyer & Oak,TS,2017,08/09/2017 12:00:00 AM,12,OAK ST,MEYER BLVD,CD6,145,7435,1430,2142,1369,2494,2764869.72,1035993.64
420,Meyer & Prospect,TS,2018,03/13/2018 12:00:00 AM,12,PROSPECT AVE,MEYER BLVD_N&SD,CD5,236,19792,5436,6033,3455,4868,2772674.57,1034297.35
421,Meyer & Rockhill,TS,2017,02/14/2017 12:00:00 AM,12,ROCKHILL RD,E MEYER BLVD,CD6,66,14125,4868,3341,3869,2047,2766835.41,1035882.6
423,Meyer & Troost,TS,2019,02/06/2019 12:00:00 AM,12,TROOST AVE,E MEYER BLVD,CD4,157,12824,3417,2695,4456,2256,2767498.31,1035843.79
424,Meyer & Wornall,TS,2017,12/20/2017 12:00:00 AM,12,WORNALL RD,W MEYER BLVD,CD4,201,19850,5064,5273,6310,3203,2762234.01,1036140.76
425,Missouri & Woodland,TS,2017,05/03/2017 12:00:00 AM,5,WOODLAND AVE,MISSOURI AVE,CD3,80,1418,2,679,350,387,2771711.83,1071450.38
427,N Barry & N Main,TS,2018,08/21/2018 12:00:00 AM,12,N MAIN ST,NE BARRY RD,CD2,26,10915,319,4679,372,5545,2765912.44,1121382.23
429,N Brighton & NE 48th,TS,2018,02/07/2018 12:00:00 AM,5,N BRIGHTON AVE,NE 48TH ST,CD1,4,6764,2945,1661,2123,35,2782670.21,1097483.96
430,N Brighton & NE Parvin Rd,TS,2019,09/17/2019 12:00:00 AM,12,N BRIGHTON AVE,NE PARVIN RD,CD1,20,8720,3309,3093,1166,1152,2782630.83,1092487.34
432,N Chouteau & NE 46th,TS,2012,01/07/2020 12:00:00 AM,12,N CHOUTEAU TFWY,NE 46TH ST,CD1,13,7619,3558,1046,2698,317,2777496.71,1096227.39
439,N Oak & NE 50th Ter,TS,2017,05/31/2017 12:00:00 AM,5,N OAK TFWY,NE 51ST ST,CD2,8,8260,1950,285,5499,526,2766999.23,1099465.27
440,N Oak & NE 54th,TS,2019,09/04/2019 12:00:00 AM,5,N OAK TFWY,NE 54TH ST,CD2,33,8385,4119,35,3590,641,2767020.45,1101474.04
441,N Oak & NE 79th Ter,TS,2018,08/28/2018 12:00:00 AM,12,N OAK TFWY,NE 79TH TERR,CD1&2,61,11436,4670,606,5961,199,2767180.61,1118366.2
442,N Oak & NE 85th Ter,TS,2018,03/06/2018 12:00:00 AM,12,N OAK TFWY,NE 85TH TERR,CD1&2,15,13850,6750,1507,4980,613,2767226.2,1122176.66
443,N Oak & NE 95th Ter,TS,2019,10/10/2019 12:00:00 AM,12,N OAK TFWY,NE 95TH TERR,CD2,24,12954,6478,666,4691,1119,2767248.83,1128169.16
444,N Oak & NE 96th,TS,2018,08/28/2018 12:00:00 AM,5,N OAK TFWY,NE 96TH ST,CD2,7,8023,2722,665,2752,1884,2767286.54,1129112.84
445,N Oak & NE Newmark (101st Pl),TS,2019,04/30/2019 12:00:00 AM,5,N OAK TFWY,NE NEW MARK DR,CD2,19,5806,1936,1003,2624,243,2767309.9,1132649.63
448,N Waukomis & NW 68th,TS,2018,01/24/2018 12:00:00 AM,12,NW WAUKOMIS DR,NW 68TH ST,CD2,10,10706,0,3430,2147,5129,2756030.93,1110916.3
449,N Wheeling & NE 48th,TS,2020,01/21/2020 12:00:00 AM,12,N WHEELING AVE,NE 48TH ST,CD1,30,3473,88,1578,189,1618,2786258.86,1097425.6
450,NE Barry & N Oak,TS,2019,06/04/2019 12:00:00 AM,5,N OAK TFWY,NE BARRY RD,CD1&2,26,10024,3029,1981,2052,2962,2767216.97,1121379.41
451,NE Barry & N Troost,TS,2018,09/25/2018 12:00:00 AM,5,N TROOST AVE,NE BARRY RD,CD1,9,4471,0,1554,937,1980,2769834.54,1121386.36
453,Newton & 87th,TS,2018,04/11/2018 12:00:00 AM,12,NEWTON AVE,E 87TH ST,CD5,48,12270,245,6744,587,4694,2785653.91,1019648.99
456,NW Ambassador Dr & NW 112th,TS,2017,05/16/2017 12:00:00 AM,5,N AMBASSADOR DR,NW 112TH ST,CD2,18,4608,1059,754,705,2090,2737285.77,1139737.42
457,NW Barry Road & Waukomis,TS,2017,03/07/2017 12:00:00 AM,5,NW WAUKOMIS DR,NW BARRY RD,CD2,31,5488,215,1666,507,3100,2748215.51,1121530.52
458,NW Barry & N Barrybrooke Dr,TS,2018,11/13/2018 12:00:00 AM,12,NW BARRYBROOKE DR / N AMBASSADOR,NW BARRY RD,CD2,16,24439,4995,7117,1485,10842,2745853.31,1121580.67
459,NW Barry & N Broadway,TS,2018,08/21/2018 12:00:00 AM,5,N BROADWAY AVE,NW BARRY RD,CD2,2,6308,0,2352,774,3182,2764619.65,1121386.44
460,NW Barry & N Congress,TS,2019,09/10/2019 12:00:00 AM,12,N CONGRESS AVE,NW BARRY RD,CD2,119,17613,3977,8123,2103,3410,2741038.53,1121623.97
461,NW Barry & N Green Hills/AA,TS,2018,06/12/2018 12:00:00 AM,5,N GREEN HILLS RD,NW BARRY RD,CD2,13,9037,2160,2290,1833,2754,2751601.57,1121513.91
462,NW Barry & N Hickory,TS,2017,03/14/2017 12:00:00 AM,12,N HICKORY ST,NW BARRY RD,CD2,27,10661,25,4223,1243,5170,2760830.08,1121385.08
463,NW Barry & N Jefferson (700 NW),TS,2017,11/08/2017 12:00:00 AM,5,N JEFFERSON ST,NW BARRY RD,CD2,6,5641,319,2896,234,2192,2763947.56,1121439.64
464,NW Barry & N Madison/Thomas Meyers Dr,TS,2017,10/31/2017 12:00:00 AM,5,N MADISON AVE,NW BARRY RD,CD2,6,8316,813,3919,166,3418,2761892.65,1121455.67
465,NW Barry & N Mercier,TS,2018,10/16/2018 12:00:00 AM,12,N MERCIER AVE,NW BARRY RD,CD2,6,5855,118,2654,469,2614,2761330.85,1121386.59
466,NW Barry & N Platte Purchase Dr,TS,2016,02/02/2016 12:00:00 AM,5,N PLATTE PURCHASE DR,NW BARRY RD,CD2,13,7747,1504,2759,803,2681,2760115.08,1121387.52
467,NW Barry & N Roanridge,TS,2018,06/12/2018 12:00:00 AM,12,N BOARDWALK AVE/ NW ROANRIDGE RD,NW BARRY RD,CD2,30,34078,4507,12396,2960,14215,2744792.07,1121632.6
468,NW Barry & N St Clair,TS,2017,02/21/2017 12:00:00 AM,12,N ST CLAIR AVE,NW BARRY RD,CD2,49,20790,1811,5703,3485,9791,2747037.89,1121560.18
469,NW Barry & N Wyandotte,TS,2019,05/28/2019 12:00:00 AM,12,N WYANDOTTE ST,NW BARRY RD,CD2,13,13313,930,5113,377,6893,2765101.33,1121384.87
474,Oak & 10th,TS-CBD,2018,08/02/2018 12:00:00 AM,5,OAK ST,E 10TH ST,CD4,204,6035,2864,0,827,2344,2766454.28,1068877.88
475,Oak & 11th,TS-CBD,2018,01/17/2018 12:00:00 AM,5,OAK ST,E 11TH ST (ONE-WAY WB),CD4,827,4686,2008,1830,847,1,2766439.54,1068431.28
476,Oak & 12th,TS-CBD,2020,01/23/2020 12:00:00 AM,5,OAK ST,E 12TH ST,CD4,971,2971,1364,0,782,825,2766421.09,1068000.75
477,Oak & 13th,TS-CBD,2017,08/31/2017 12:00:00 AM,5,OAK ST,E 13TH ST,CD4,169,3054,1155,703,1196,0,2766400.43,1067523.57
479,Oak & 18th,TS,2017,01/11/2017 12:00:00 AM,12,OAK ST,E 18TH ST,CD4,396,8240,3224,1811,2093,1112,2766301.13,1065038.12
480,Oak & 19th,TS,2017,05/24/2017 12:00:00 AM,12,OAK ST,E 19TH ST,CD4,248,8913,3277,1666,2337,1633,2766282.18,1064552.98
481,Oak & 55th & Crestwood Dr,TS,2019,09/19/2019 12:00:00 AM,12,OAK ST,E 55TH ST,CD4,286,6763,2033,1534,1419,1673,2765109.4,1041685.37
483,Oak & 63rd,TS,2016,12/07/2016 12:00:00 AM,12,OAK ST,E 63RD ST,CD6,103,10994,1593,3888,1641,3872,2764898.99,1036644.43
484,Oak & 75th,TS,2016,12/28/2016 12:00:00 AM,12,OAK ST,E 75TH ST,CD6,91,8621,755,4020,406,3440,2764569.82,1028734.53
485,Oak & 8th,TS-CBD,2019,11/21/2019 12:00:00 AM,12,OAK ST (ONE WAY - SB),E 8TH ST (ONE WAY- EB),CD4,236,5120,3214,0,0,1906,2766494.07,1069665.32
486,Oak & 9th,TS-CBD,2018,12/11/2018 12:00:00 AM,12,OAK ST,E 9TH ST,CD4,1008,5492,4366,1068,58,0,2766468.46,1069328.67
487,Oak & Truman N Dr,TS-CBD,2018,02/15/2018 12:00:00 AM,5,OAK ST,E TRUMAN RD (ND),CD4,86,4671,1628,1492,1551,0,2766364.95,1066652.61
488,Oak & Truman S Dr,TS-CBD,2018,10/24/2018 12:00:00 AM,5,OAK ST,E TRUMAN RD (SD),CD4,64,4686,2251,0,1122,1313,2766357.96,1066478.57
489,Oak & Volker,TS,2019,08/22/2019 12:00:00 AM,5,OAK ST,VOLKER BLVD,CD4,150,9706,1408,4171,1173,2954,2765281.96,1045753.67
491,Paseo & 11th,TS,2017,05/24/2017 12:00:00 AM,12,PASEO BLVD,E 11TH ST,CD3,137,7843,3334,1528,2981,0,2770621.15,1068255.19
492,Paseo & 12th,TS,2018,05/24/2018 12:00:00 AM,12,PASEO BLVD,E 12TH ST,CD3,72,8120,2947,0,3870,1303,2770592.32,1067815.84
493,Paseo & 18th,TS,2019,07/09/2019 12:00:00 AM,12,PASEO BLVD,E 18TH ST,CD3,127,9633,4185,1359,3114,975,2770415.88,1064884.4
495,Paseo & 25th,TS,2018,07/11/2018 12:00:00 AM,12,PASEO BLVD,E 25TH ST,CD3,63,4861,2546,317,1587,411,2769957.21,1061227.26
496,Paseo & 27th,TS,2018,05/03/2018 12:00:00 AM,12,PASEO BLVD,E 27TH ST,CD3,35,9030,1724,2576,1890,2840,2770188.07,1059901.27
497,Paseo & 31st,TS,2017,01/17/2017 12:00:00 AM,12,PASEO BLVD,E 31ST ST,CD3,33,7297,1402,2470,948,2477,2769735.2,1057281.21
499,Paseo & 39th,TS,2019,06/20/2019 12:00:00 AM,12,PASEO BLVD,E 39TH ST,CD3,135,15546,2413,5366,2782,4985,2769544.65,1052027.6
502,Paseo & 55th,TS,2017,08/16/2017 12:00:00 AM,12,PASEO BLVD,E 55TH ST,CD5,223,9661,3793,1344,3436,1088,2769469.79,1041490.15
503,Paseo & 59th,TS,2018,04/18/2018 12:00:00 AM,12,PASEO BLVD,E 59TH ST,CD5,87,9835,3865,1640,2970,1360,2768958.27,1038870.87
504,Paseo & 63rd & Meyer Blvd,TS,2017,01/31/2017 12:00:00 AM,12,PASEO BLVD,E 63RD ST,CD5,191,16560,4126,5170,1739,5525,2768753.7,1036427.98
505,Paseo & 75th,TS,2017,08/01/2017 12:00:00 AM,12,PASEO BLVD,E 75TH ST,CD5,53,11484,1795,3645,1087,4957,2769873.25,1028447.55
508,Paseo & Admiral,TS,2017,01/19/2017 12:00:00 AM,12,PASEO BLVD,ADMIRAL BLVD,CD3,231,9255,2344,1168,3465,2278,2770635.48,1070010.44
508,Paseo & Admiral,TS,2020,03/11/2020 12:00:00 AM,12,PASEO BLVD,ADMIRAL BLVD,CD3,231,12455,3862,1556,4219,2818,2770635.48,1070010.44
509,Paseo & Swope Pkwy/Volker,TS,2019,10/30/2019 12:00:00 AM,5,PASEO BLVD,SWOPE PKWY / VOLKER BLVD,CD3&4&5,22,12491,2220,4432,2320,3519,2769282.45,1046178.76
510,Paseo & Truman,TS,2017,02/15/2017 12:00:00 AM,12,PASEO BLVD,E TRUMAN RD,CD3,219,16875,3755,3749,4438,4933,2770459.34,1066303.41
511,Paseo/Woodland & 85th,TS,2019,01/22/2019 12:00:00 AM,12,PASEO / WOODLAND AVE,E 85TH ST,CD5,102,6910,1144,2705,222,2839,2769551.72,1021853.48
512,Pennsylvania & 12th,TS,2017,09/14/2017 12:00:00 AM,12,PENNSYLVANIA AVE,W 12TH ST,CD4,198,6946,1219,2466,0,3261,2762830.42,1068168.04
513,Pennsylvania & W Pennway (21st),TS,2018,02/13/2018 12:00:00 AM,12,PENNSYLVANIA AVE,WEST PENNWAY ST (ED),CD4,29,8183,625,3790,313,3455,2762768.17,1063522.72
515,Pershing & W Pennway,TS,2019,09/19/2019 12:00:00 AM,12,WEST PENNWAY,W PERSHING RD,CD4,17,16033,6596,4705,4732,0,2762728.97,1062053.21
518,Prospect & 12th,TS,2019,04/25/2019 12:00:00 AM,12,PROSPECT AVE,E 12TH ST,CD3,208,10683,3214,1918,4140,1411,2774117.71,1067661.09
519,Prospect & 18th,TS,2017,12/11/2017 12:00:00 AM,12,PROSPECT AVE,E 18TH ST,CD3,268,7738,2510,1873,1829,1526,2774002.9,1064732.61
520,Prospect & 27th,TS,2019,02/26/2019 12:00:00 AM,12,PROSPECT AVE,E 27TH ST,CD3,265,8263,1636,2028,2197,2402,2773810.19,1059738.28
521,Prospect & 31st,TS,2017,03/21/2017 12:00:00 AM,12,PROSPECT AVE,E 31ST ST,CD3,1077,12986,2732,3471,3026,3757,2773705,1057106.05
522,Prospect & 35th,TS,2019,10/02/2019 12:00:00 AM,12,PROSPECT AVE,E 35TH ST,CD3,806,7174,3350,1215,1908,701,2773601.86,1054469.38
523,Prospect & 39th,TS,2019,12/19/2019 12:00:00 AM,12,PROSPECT AVE,E 39TH ST,CD3,584,10186,2487,2476,2113,3110,2773490.57,1051853.62
524,Prospect & 41st,TS,2018,10/10/2018 12:00:00 AM,12,PROSPECT AVE,E 41ST ST,CD3,233,5417,2694,238,2291,194,2773436.64,1050541.89
525,Prospect & 43rd,TS,2017,04/19/2017 12:00:00 AM,5,PROSPECT AVE,E 43RD ST,CD3,39,3831,1566,514,1345,406,2773381.9,1049231.54
526,Prospect & 45th,TS,2019,10/17/2019 12:00:00 AM,12,PROSPECT AVE,E 45TH ST,CD3,91,5168,2957,221,1917,73,2773326.1,1047906.66
527,Prospect & 51st,TS,2018,04/11/2018 12:00:00 AM,5,PROSPECT AVE,E 51ST ST,CD5,37,4660,1763,650,1787,460,2773160.76,1043955.73
528,Prospect & 55th,TS,2019,09/18/2019 12:00:00 AM,12,PROSPECT AVE,E 55TH ST,CD5,183,8572,3383,1617,2524,1048,2773036.57,1041324.86
529,Prospect & 59th,TS,2019,09/19/2019 12:00:00 AM,12,PROSPECT AVE,E 59TH ST,CD5,64,8394,2726,2249,2428,991,2772867.52,1038692.57
530,Prospect & 63rd,TS,2017,03/09/2017 12:00:00 AM,5,PROSPECT AVE,E 63RD ST,CD5,173,13496,2227,4104,2454,4711,2772751.31,1036209.49
531,Prospect & 75th,TS,2020,01/23/2020 12:00:00 AM,12,PROSPECT AVE,E 75TH ST,CD5,228,12706,1893,4249,2074,4490,2772427.99,1028271.02
533,Prospect & 9th,TS,2018,10/11/2018 12:00:00 AM,12,PROSPECT AVE,E 9TH ST,CD3,195,8930,2636,1486,2715,2093,2774175.15,1068980.77
534,Prospect & Swope Pkwy,TS,2019,03/06/2019 12:00:00 AM,5,PROSPECT AVE,SWOPE PKWY,CD3,106,9130,1190,3497,1515,2928,2773237.89,1045817.74
535,Prospect & Truman,TS,2020,03/11/2020 12:00:00 AM,5,PROSPECT AVE,E TRUMAN RD,CD3,85,6267,1541,2259,744,1723,2774058.72,1066137.67
536,Raytown & 109th,TS,2018,05/02/2018 12:00:00 AM,12,RAYTOWN RD,E 109TH ST,CD6,11,14966,3388,5953,3310,2315,2795710.43,1003305.16
537,Raytown & 47th,TS,2018,11/06/2018 12:00:00 AM,12,RAYTOWN RD,E 47TH ST,CD3,11,13256,6814,2973,3469,0,2796133.14,1044233.88
538,Raytown & Longview,TS,2015,10/22/2015 12:00:00 AM,5,RAYTOWN RD,LONGVIEW RD,CD6,6,2830,1610,116,704,400,2793916.59,1001027.47
539,Red Bridge & State Line,TS,2019,02/19/2019 12:00:00 AM,5,STATE LINE RD,W RED BRIDGE RD,CD6,3,16871,5486,1536,5445,4404,2757978.38,1005926.62
540,Red Bridge & Wornall,TS,2018,10/11/2018 12:00:00 AM,12,WORNALL RD,W RED BRIDGE RD,CD6,10,16534,5397,4264,3836,3037,2762389.84,1004867.02
541,Roanoke & 31st,TS,2019,05/09/2019 12:00:00 AM,12,ROANOKE RD,W 31ST ST,CD4,33,11535,655,3822,1580,5478,2758699.2,1057814.31
542,Roanoke & 39th,TS,2019,01/09/2019 12:00:00 AM,12,ROANOKE RD,W 39TH ST,CD4,187,9488,537,4542,646,3763,2760258.73,1052463.52
543,Roanoke & 48th,TS,2019,10/30/2019 12:00:00 AM,5,ROANOKE PKWY,W 48TH ST,CD4,132,6691,0,232,5855,604,2761049.9,1046487.32
544,Roanoke & Ward Pkwy (N Dr),TS-PLZ,2019,10/30/2019 12:00:00 AM,5,ROANOKE PKWY (ONE-WAY NB),WARD PKWY (ND),CD4,95,11716,0,5222,6181,313,2761031.71,1046079.89
545,Roanoke & Westport,TS,2017,03/01/2017 12:00:00 AM,12,ROANOKE PKWY,WESTPORT RD,CD4,112,18112,0,6436,2649,9027,2759564.1,1049889.12
547,Rockhill & 47th/Brush Creek,TS,2019,10/31/2019 12:00:00 AM,5,ROCKHILL RD,EMANUEL CLEAVER II BLVD,CD4,110,11224,1992,3879,1702,3651,2766357.19,1046938.8
549,Rockhill & 51st,TS,2019,10/31/2019 12:00:00 AM,5,ROCKHILL RD,E 51ST ST,CD4,287,4409,1722,247,2178,262,2767210.41,1044239.02
550,Rockhill & 52nd,TS,2019,08/08/2019 12:00:00 AM,12,ROCKHILL RD,E 52ND ST,CD4,150,5604,2695,455,2454,0,2767182.27,1043578.86
551,Rockhill & 53rd,TS,2019,10/30/2019 12:00:00 AM,5,ROCKHILL RD,E 53RD ST,CD4,81,5649,2146,3,2531,969,2767148.88,1042919.29
552,Rockhill & 55th,TS,2019,07/16/2019 12:00:00 AM,12,ROCKHILL RD,E 55TH ST,CD4,72,7200,2980,942,2540,738,2767084.66,1041593.98
553,Rockhill & 59th,TS,2018,04/12/2018 12:00:00 AM,5,ROCKHILL RD,E 59TH ST,CD4&6,32,5814,2411,523,2372,508,2766966.52,1038965.23
554,Rockhill & 63rd,TS,2017,02/16/2017 12:00:00 AM,12,ROCKHILL RD,E 63RD ST,CD6,74,16217,3598,3614,4932,4073,2766862.58,1036529.12
555,Rockhill & Volker & Cherry,TS,2018,05/08/2018 12:00:00 AM,5,ROCKHILL RD/CHERRY ST,VOLKER BLVD,CD4,0,2918,418,1041,762,697,2766347.93,1045689.09
558,Southwest Blvd & 20th,TS,2020,01/28/2020 12:00:00 AM,5,SOUTHWEST BLVD,W 20TH ST,CD4,256,6521,1598,1403,3362,158,2764087.41,1064160
559,Southwest Blvd & 21st/W Pennway,TS,2017,05/04/2017 12:00:00 AM,5,WEST PENNWAY,SOUTHWEST BLVD,CD4,10,8296,3433,2644,0,2219,2763182.93,1063414.02
560,Southwest Blvd & 23rd,TS,2020,01/16/2020 12:00:00 AM,12,SOUTHWEST BLVD,AVENIDA CESAR CHAVES/ W 23RD ST,CD4,92,8656,4243,0,3635,778,2762535.22,1062887.61
561,Southwest Blvd & Pennsylvania,TS,2018,03/27/2018 12:00:00 AM,12,PENNSYLVANIA AVE,SOUTHWEST BLVD,CD4,110,9036,1438,3203,831,3564,2762740.27,1063055.23
562,Southwest Blvd & Summit,TS,2019,03/05/2019 12:00:00 AM,12,SUMMIT ST,SOUTHWEST BLVD,CD4,741,8856,1843,2694,1272,3047,2762072.6,1062525.53
563,Southwest Trfwy & 27th,TS,2017,09/21/2017 12:00:00 AM,12,SUMMIT ST,W 27TH ST,CD4,15,4565,1706,430,1636,793,2762029.52,1060280.42
564,Southwest Trfwy & 31st & Karnes,TS,2018,04/26/2018 12:00:00 AM,12,SW TFWY / SUMMIT ST,W 3IST ST,CD4,34,47589,13750,5034,19121,9136,2761884.46,1057676.02
565,Southwest Trfwy & 33rd,TS,2017,12/14/2017 12:00:00 AM,12,SOUTHWEST TFWY,W 33RD ST,CD4,33,31683,13601,3424,13733,925,2761821.95,1056335.54
566,Southwest Trfwy & 35th,TS,2018,04/03/2018 12:00:00 AM,12,SOUTHWEST TFWY,W 35TH ST,CD4,7,27586,14023,229,13296,38,2761737.55,1055288.62
567,Southwest Trfwy & Mill,TS,2016,12/21/2016 12:00:00 AM,12,SOUTHWEST TFWY,MILL ST,CD4,129,26758,10811,1426,14521,0,2761440.01,1051193.11
568,Southwest Trfwy & Valentine,TS,2017,02/09/2017 12:00:00 AM,12,SOUTHWEST TFRWY,VALENTINE RD,CD4,14,29178,16092,1278,11187,621,2761673.49,1053939.47
569,Southwest Trfwy & Waddell/Summit & 39th,TS,2017,04/18/2017 12:00:00 AM,5,SOUTHWEST TFWY,W 39TH ST,CD4,75,29481,13189,5379,8272,2641,2761622,1052394.55
570,Southwest Trfwy & Westport,TS,2019,10/30/2019 12:00:00 AM,5,SOUTHWEST TFWY (EWD),WESTPORT RD,CD4,58,17857,7707,1600,6015,2535,2761004.55,1050008.67
571,St John & Askew,TS,2017,05/17/2017 12:00:00 AM,5,ASKEW AVE,ST JOHN AVE,CD4,114,2556,30,1161,159,1206,2777723.47,1072859.98
573,St John & Elmwood,TS,2018,11/14/2018 12:00:00 AM,12,N ELMWOOD AVE,ST JOHN AVE,CD4,369,5174,0,2515,276,2383,2780766.81,1072730.61
583,State Line & 112th,TS,2019,03/14/2019 12:00:00 AM,12,STATE LINE RD,W 112TH TER,CD6,3,13837,5240,23,7928,646,2757980.98,1004142.13
584,"State Line & 115th, Barstow School",TS,2019,09/19/2019 12:00:00 AM,12,SLATE LINE RD,BARSTOW SCHOOL DR,CD6,9,19646,9126,1032,9488,0,2757979.31,1002362.01
585,State Line & 123rd,TS,2018,03/14/2018 12:00:00 AM,5,STATE LINE RD,W 123RD ST,CD6,5,8504,4285,0,3771,448,2757966.85,997310.72
586,State Line & 135th,TS,2019,06/25/2019 12:00:00 AM,5,STATE LINE RD,W 135TH ST,CD6,15,18717,4622,6809,1683,5603,2757962.24,989360.61
587,State Line & 55th,TS,2018,12/11/2018 12:00:00 AM,5,STATE LINE RD,W 55TH ST,CD4,5,7679,2563,1855,3113,148,2758165.96,1041999.54
588,State Line & 63rd,TS,2016,12/14/2016 12:00:00 AM,5,STATE LINE RD,W 63RD ST,CD6,7,4499,1539,803,1547,610,2758097.22,1037205.58
588,State Line & 63rd,TS,2020,02/11/2020 12:00:00 AM,12,STATE LINE RD,W 63RD ST,CD6,11,9358,2878,1785,3012,1682,2758097.22,1037205.58
590,State Line & 75th,TS,2017,09/12/2017 12:00:00 AM,5,STATE LINE RD,W 75TH ST,CD6,24,12786,2896,4583,2362,2945,2758028.94,1029117.39
591,State Line & 79th/Somerset,TS,2017,02/08/2017 12:00:00 AM,12,STATE LINE RD,W 79TH ST,CD6,24,15341,5774,1649,5790,2128,2757996.26,1026440.36
591,State Line & 79th/Somerset,TS,2020,03/12/2020 12:00:00 AM,12,STATE LINE RD,W 79TH ST,CD6,80,14107,5294,1539,5296,1978,2757996.26,1026440.36
597,State Line & Carondelet & I-435,TS,2019,04/16/2019 12:00:00 AM,5,STATE LINE RD,CARONDELET DR,CD6,1,20852,3378,2461,7877,7136,2757967.71,1008071.95
598,State Line & Meadow Lake/Cambridge,TS,2018,10/18/2018 12:00:00 AM,5,STATE LINE RD,MEADOW LAKE PKWY,CD6,4,9618,3778,2792,1979,1069,2758012.35,1027756.83
599,State Line & Minor,TS,2018,08/22/2018 12:00:00 AM,5,STATE LINE RD.,W MINOR DR/ W 119TH ST,CD6,23,11305,4151,1753,3254,2147,2757980.03,999961.41
600,State Line & Shawnee Mission Pkwy,TS,2017,03/16/2017 12:00:00 AM,12,STATE LINE RD,W SHAWNEE MISSION RD,CD4,26,23633,2425,8321,3620,9267,2758183.41,1044137.2
601,Sterling & 43rd,TS,2018,11/08/2018 12:00:00 AM,12,STERLING AVE,E 43RD ST,CD5,39,10329,3885,1497,2634,2313,2803534.61,1047747.2
602,Sterling & 47th,TS,2019,03/28/2019 12:00:00 AM,5,STERLING AVE,E 47TH ST,CD5,7,5608,1885,1012,902,1809,2803453.57,1045103.64
606,Summit & (23rd) Avenida Cesar E Chavez,TS,2018,05/10/2018 12:00:00 AM,5,SUMMIT ST,W 23RD ST,CD4,75,3550,778,267,1561,944,2762092.89,1062945.5
607,Swope Pkwy & 59th,TS,2017,08/03/2017 12:00:00 AM,12,SWOPE PKWY,E 59TH ST,CD5,144,8672,4372,340,2700,1260,2776827.65,1038508.4
608,Swope Pkwy & 63rd,TS,2017,03/02/2017 12:00:00 AM,12,SWOPE PKWY,E 63RD ST,CD5,186,19259,4723,4739,3475,6322,2776670.87,1035995.99
609,Swope Pkwy (47th) & Woodland,TS,2018,05/16/2018 12:00:00 AM,12,WOODLAND AVE,SWOPE PKWY,CD3,4,16948,9,8381,751,7807,2770619.38,1046603.69
610,Topping & 23rd,TS,2017,07/25/2017 12:00:00 AM,12,TOPPING AVE,E 23RD ST,CD3,20,8321,550,4251,156,3364,2784369.6,1061928.2
611,Topping & Truman,TS,2018,11/15/2018 12:00:00 AM,12,TOPPING AVE,E TRUMAN RD,CD3,160,12972,548,7155,608,4661,2784521.49,1065869.6
612,Tracy & 75th,TS,2017,04/25/2017 12:00:00 AM,12,TRACY AVE,E 75TH ST,CD5,43,8425,56,3316,0,5053,2767864.72,1028554.95
616,Troost & 11th,TS-CBD,2017,03/15/2017 12:00:00 AM,5,TROOST AVE,E 11 ST,CD4,91,1318,269,466,583,0,2768891.22,1068335.34
617,Troost & 12th,TS-CBD,2017,03/16/2017 12:00:00 AM,5,TROOST AVE,E 12TH ST,CD4,130,2198,316,2,709,1171,2768873.41,1067887.45
618,Troost & 18th,TS,2018,11/07/2018 12:00:00 AM,12,TROOST AVE,E 18TH ST,CD3,74,5911,1543,1494,1860,1014,2768763.07,1064940.96
619,Troost & 19th,TS,2018,06/21/2018 12:00:00 AM,12,TROOST AVE,E 19TH ST,CD3,42,4264,1043,569,1625,1027,2768744.7,1064451.88
621,Troost & 27th,TS,2019,09/26/2019 12:00:00 AM,5,TROOST AVE,E 27TH ST,CD3,127,5153,1436,1898,822,997,2768561.51,1059972.07
622,Troost & 31st,TS,2018,06/27/2018 12:00:00 AM,5,TROOST AVE,E 31ST ST,CD3&4,500,7221,1266,1972,1228,2755,2768462.06,1057341.04
623,Troost & 39th,TS,2019,09/26/2019 12:00:00 AM,5,TROOST AVE,E 39TH ST,CD3&4,942,8790,1958,2560,2064,2208,2768228.68,1052088.77
624,Troost & 41st,TS,2018,05/10/2018 12:00:00 AM,12,TROOST AVE,E 41ST ST,CD3&4,171,7946,3802,248,3580,316,2768167.96,1050793.14
625,Troost & 43rd,TS,2019,11/05/2019 12:00:00 AM,5,TROOST AVE,E 43RD ST,CD3&4,198,4390,2003,188,2085,114,2768110.47,1049477.6
626,Troost & 47th,TS,2018,05/24/2018 12:00:00 AM,5,TROOST AVE,EMANUEL CLEAVER II BLVD,CD4,367,12223,2082,4304,2519,3318,2767991.18,1046840.17
627,Troost & 52nd/Rockhurst Rd,TS,2019,08/06/2019 12:00:00 AM,5,TROOST AVE,ROCKHURST RD/E 52ND ST,CD4,69,3255,2157,135,917,46,2767837.34,1043557.35
628,Troost & 54th,TS,2018,06/28/2018 12:00:00 AM,12,TROOST AVE,E 54TH ST,CD4,44,10105,5298,856,3775,176,2767774.28,1042225.3
629,Troost & 55th,TS,2018,10/17/2018 12:00:00 AM,5,TROOST AVE,E 55TH ST,CD4,51,4830,2073,408,1885,464,2767744.91,1041564.81
630,Troost & 59th,TS,2019,01/10/2019 12:00:00 AM,12,TROOST AVE,E 59TH ST,CD4,181,8792,4109,1229,2900,554,2767626.82,1038935.84
631,Troost & 63rd,TS,2018,01/25/2018 12:00:00 AM,5,TROOST AVE,E 63RD ST,CD4,380,10864,2832,3035,2694,2303,2767524.74,1036490.57
632,Troost & 67th,TS,2018,12/13/2018 12:00:00 AM,12,TROOST AVE,E 67TH ST,CD4,76,10558,6283,319,3669,287,2767409.14,1033867.35
633,Troost & 75th,TS,2018,02/08/2018 12:00:00 AM,12,TROOST AVE,E 75TH ST,CD4,393,18615,5605,4862,4181,3967,2767201.09,1028589.85
634,Troost & 77th,TS,2018,03/28/2018 12:00:00 AM,5,TROOST AVE,E 77TH ST,CD4,41,5754,2826,648,2280,0,2767140.55,1027061.63
635,Troost & 82nd Ter,TS,2018,07/10/2018 12:00:00 AM,12,TROOST AVE,E 82ND TER,CD5,259,6983,3715,107,3132,29,2767010.82,1023817.52
636,Troost & 89th,TS,2018,03/29/2018 12:00:00 AM,5,TROOST AVE,E 89TH ST,CD5,94,5004,2085,501,2006,412,2766846.67,1019361.24
639,Troost & Truman,TS,2017,03/29/2017 12:00:00 AM,12,TROOST AVE,TRUMAN RD,CD3,106,10368,1271,4301,1668,3128,2768813.15,1066380.76
640,Troost & Volker/49th,TS,2019,10/30/2019 12:00:00 AM,5,TROOST AVE,VOLKER BLVD / E 49TH ST,CD4&5,25,12107,2437,3530,2658,3409,2767920.67,1045347.79
643,Truman & Van Brunt,TS,2019,12/12/2019 12:00:00 AM,12,VAN BRUNT BLVD,E TRUMAN RD,CD3,69,14799,1390,5296,1414,6699,2782072.21,1065936.56
644,Truman & White,TS,2018,06/14/2018 12:00:00 AM,12,WHITE AVE,E TRUMAN RD,CD3,60,11999,125,4734,54,7086,2785179.85,1065847.98
645,Truman & Winchester,TS,2019,04/24/2019 12:00:00 AM,12,WINCHESTER AVE,E TRUMAN RD,CD3,62,11200,291,5550,463,4896,2788426.1,1065739.87
646,Truman & Woodland,TS,2018,10/10/2018 12:00:00 AM,12,WOODLAND AVE,E TRUMAN RD,CD3,204,10361,1089,4936,581,3755,2771441.23,1066255.68
647,Van Brunt & 23rd,TS,2018,10/30/2018 12:00:00 AM,12,VAN BRUNT BLVD,E 23RD ST,CD3,82,8963,1421,3458,1095,2989,2782731.07,1062001.51
649,Van Brunt & 27th,TS,2018,10/02/2018 12:00:00 AM,12,VAN BRUNT BLVD,E 27TH ST,CD3,181,8836,3370,494,4059,913,2782884.89,1059361.8
650,Van Brunt & 35th,TS,2018,10/25/2018 12:00:00 AM,12,EMANUEL CLEAVER II BLVD,E 35TH ST,CD3,4,8794,3946,605,3164,1079,2781623.19,1054142.44
651,Van Brunt & 39th,TS,2018,10/09/2018 12:00:00 AM,12,EMANUEL CLEAVER II BLVD,E 39TH ST,CD3,91,9560,4024,587,4306,643,2782811.83,1051471.53
653,Van Brunt & Clary,TS,2017,04/25/2017 12:00:00 AM,5,EMANUEL CLEAVER II BLVD,CLARY BLVD,CD3,9,4520,1638,528,2354,0,2781901.53,1048484.67
654,Van Brunt & Leeds,TS,2019,06/19/2019 12:00:00 AM,12,EMANUEL CLEAVER II BLVD,LEEDS TFWY,CD3,16,11184,4372,1389,4361,1062,2782643.53,1052210.7
655,Van Brunt & Winner & 12th,TS,2018,05/23/2018 12:00:00 AM,12,VAN BRUNT BLVD / WINNER RD,E 12TH ST,CD3,48,6645,1700,1291,1030,2624,2782153.2,1067385.23
656,"Van Brunt/31st/US40,Linwood & Stadium Dr",TS,2017,06/01/2017 12:00:00 AM,5,EMANUEL CLEAVER II BLVD,E 31ST ST,CD3,31,10084,1598,2200,3788,2498,2782740.13,1056730.06
659,W Pennway & 25th,TS,2017,09/13/2017 12:00:00 AM,12,WEST PENNWAY,W 25TH ST,CD4,56,9642,4845,601,2893,1303,2762697.83,1061606.24
660,W Pennway (Penn Valley Dr) & 26th,TS,2017,12/13/2017 12:00:00 AM,5,WEST PENNWAY,W 26TH ST,CD4,6,2993,1584,651,752,6,2762642.6,1060927.24
661,Walnut & 10th,TS-CBD,2017,03/23/2017 12:00:00 AM,12,WALNUT ST,E 10TH ST,CD4,2636,5349,1260,0,2044,2045,2765448.57,1068918.62
662,Walnut & 11th,TS-CBD,2017,04/04/2017 12:00:00 AM,5,WALNUT ST,E 11TH ST,CD4,971,1783,308,650,825,0,2765432.54,1068472.74
663,Walnut & 12th,TS-CBD,2018,08/07/2018 12:00:00 AM,12,WALNUT ST,E 12TH ST,CD4,3955,6882,1348,14,1512,4008,2765417.14,1068044.45
664,Walnut & 13th,TS-CBD,2017,08/24/2017 12:00:00 AM,12,WALNUT ST,E 13TH ST,CD4,2551,7262,1548,4363,1351,0,2765399.7,1067559.63
669,Walnut & 6th,TS-CBD,2019,10/16/2019 12:00:00 AM,12,WALNUT ST,E 6TH ST (ONE-WAY_WB),CD4,233,7631,812,0,1597,5222,2765577.52,1070370.78
670,Walnut & 7th,TS-CBD,2019,02/19/2019 12:00:00 AM,12,WALNUT ST,E 7TH ST,CD4,268,3267,845,1265,1157,0,2765525.44,1070084.05
671,Walnut & 8th,TS-CBD,2018,11/06/2018 12:00:00 AM,12,WALNUT ST,E 8TH ST,CD4,465,4724,1528,1,2054,1141,2765484.05,1069709.67
672,Walnut & 9th,TS-CBD,2019,03/26/2019 12:00:00 AM,5,WALNUT ST,E 9TH ST,CD4,908,3050,984,785,1281,0,2765468.96,1069370.45
673,Walnut & Truman N Dr,TS-CBD,2019,09/19/2019 12:00:00 AM,12,WALNUT ST,E TRUMAN RD ND,CD4,548,7515,2489,3972,1054,0,2765364.37,1066757.19
674,Walnut & Truman S Dr,TS-CBD,2019,11/19/2019 12:00:00 AM,12,WALNUT ST,E TRUMAN RD_SD (ONE WAY-EB),CD4,438,6420,1501,0,749,4170,2765352.83,1066518.91
675,Ward Pkwy N Dr & 50th/Westwood,TS,2019,05/30/2019 12:00:00 AM,12,WARD PKWY,WESTWOOD RD,CD4,149,17851,4578,12462,0,811,2759921.28,1045194.37
676,Ward Pkwy N Dr & Wornall/Broadway,TS-PLZ,2019,07/30/2019 12:00:00 AM,5,BROADWAY,WARD PKWY_ND,CD4,808,8407,1495,3671,2302,849,2762645.53,1046429.43
677,Ward Pkwy S Dr & 50th/Rockwell,TS,2017,04/11/2017 12:00:00 AM,5,WARD PKWY (ONE-WAY NB),ROCKWELL LN,CD4,52,12064,0,574,10919,571,2760309.69,1044993.31
678,Ward Pkwy S Dr & Wornall,TS-PLZ,2018,11/01/2018 12:00:00 AM,12,WORNALL RD,WARD PKWY (SD),CD4,561,16897,3082,1214,4038,8563,2762633.78,1046176.81
679,Ward Pkwy & 55th,TS,2017,04/11/2017 12:00:00 AM,5,WARD PKWY,W 55TH ST,CD4,8,18167,10205,904,6541,517,2759326.23,1041947.01
680,Ward Pkwy & 59th,TS,2016,01/27/2016 12:00:00 AM,5,WARD PKWY,W 59TH ST,CD4&6,48,16101,8587,222,7015,277,2759764.58,1039283.06
681,Ward Pkwy & 63rd,TS,2016,02/18/2016 12:00:00 AM,5,WARD PKWY,W 63RD ST,CD6,72,17385,8785,910,7155,535,2759659.08,1036957.33
682,Ward Pkwy & 75th,TS,2017,06/29/2017 12:00:00 AM,5,WARD PKWY,W 75TH ST,CD6,20,21598,8133,2474,7530,3461,2759254.04,1029051.35
683,Ward Pkwy & 79th,TS,2018,05/08/2018 12:00:00 AM,5,WARD PKWY (EWD),W 79TH ST,CD6,11,10737,3650,894,5236,957,2758546.45,1026415.95
684,Ward Pkwy & 83rd,TS,2018,04/05/2018 12:00:00 AM,5,WARD PKWY (EWD),W 83RD ST,CD6,54,11103,5551,209,4640,703,2758414.12,1023901.61
685,Ward Pkwy & 85th,TS,2016,06/09/2016 12:00:00 AM,5,WARD PKWY EWD,W 85TH ST,CD6,12,12250,6125,899,4347,879,2758364.48,1022441.69
686,Ward Pkwy & 89th,TS,2018,04/18/2018 12:00:00 AM,12,WARD PKWY_EWD,W 89TH ST,CD6,41,17164,7943,980,6608,1633,2758844.96,1019739.45
687,Ward Pkwy & Shawnee Mission Pkwy,TS,2020,01/08/2020 12:00:00 AM,5,WARD PKWY,BRUSH CREEK  PKWY,CD4,0,14800,8118,0,0,6682,2758695.91,1043787.83
688,Warwick & 39th,TS,2018,08/15/2018 12:00:00 AM,12,WARWICK BLVD,E 39TH ST,CD4,186,12826,1339,6064,1092,4331,2764919.25,1052241.11
690,Washington & 12th,TS-CBD,2017,03/23/2017 12:00:00 AM,12,WASHINGTON ST,W 12TH ST,CD4,119,4904,347,940,1812,1805,2763157.77,1068149.57
691,Washington & 13th,TS-CBD,2017,10/19/2017 12:00:00 AM,12,WASHINGTON ST,W 13TH ST,CD4,608,3283,0,1505,1778,0,2763131.27,1067606.37
692,Washington & 43rd,TS,2018,03/07/2018 12:00:00 AM,12,WASHINGTON ST,W 43RD ST,CD4,69,11588,240,3158,4209,3981,2762567.24,1049691.17
694,Winchester & 63rd,TS,2020,02/12/2020 12:00:00 AM,5,WINCHESTER AVE,E 63RD TFWY,CD5,3,4802,0,2715,334,1750,2786898.35,1036124.59
695,Woodland & 12th,TS,2017,11/09/2017 12:00:00 AM,5,WOODLAND AVE,E 12TH ST,CD3,88,2704,598,761,433,912,2771496,1067757.05
696,Woodland & 18th,TS,2017,05/18/2017 12:00:00 AM,5,WOODLAND AVE,E 18TH ST,CD3,47,2339,438,665,321,915,2771392.58,1064854.14
697,Woodland & 31st,TS,2017,08/02/2017 12:00:00 AM,12,WOODLAND AVE,E 31ST ST,CD3,254,8643,220,4078,361,3984,2771080.06,1057223.65
698,Woodland & 35th,TS,2017,08/02/2017 12:00:00 AM,12,WOODLAND AVE,E 35TH ST,CD3,95,2889,180,890,349,1470,2770974.3,1054584.09
699,Woodland & 39th,TS,2018,05/01/2018 12:00:00 AM,12,WOODLAND AVE,E 39TH ST,CD3,44,13031,384,5970,449,6228,2770856.67,1051966.23
701,Woodland & 63rd/Citadel Dr,TS,2018,07/12/2018 12:00:00 AM,12,CITADEL DR / WOODLAND AVE,E 63RD ST,CD5,34,5811,401,3263,104,2043,2770303.17,1036344.19
703,Woodland & 9th,TS,2018,05/17/2018 12:00:00 AM,12,WOODLAND AVE,E 9TH ST,CD3,123,4862,1429,1561,619,1253,2771553.78,1069136.25
707,Wornall & 101st,TS,2018,01/25/2018 12:00:00 AM,5,WORNALL RD,W 101ST TER,CD6,36,10245,6259,501,3288,197,2761265.07,1011306.8
709,Wornall & 43rd,TS,2019,10/30/2019 12:00:00 AM,5,WORNALL RD,W 43RD ST,CD4,572,4581,460,1572,357,2192,2763021.17,1049677.2
710,Wornall & 51st,TS,2019,06/27/2019 12:00:00 AM,12,WORNALL RD,W 51ST ST,CD4,315,10962,3546,1707,4525,1184,2762589.7,1044452.09
711,Wornall & 55th,TS,2019,10/30/2019 12:00:00 AM,5,WORNALL RD,W 55TH ST,CD4,39,5937,1951,934,1835,1217,2762468.68,1041806.06
712,Wornall & 59th,TS,2017,08/23/2017 12:00:00 AM,12,WORNALL RD,E 59TH ST,CD4&6,56,8116,3170,543,4132,271,2762346.62,1039169.21
713,Wornall & 63rd & Greenway Ter,TS,2016,09/27/2016 12:00:00 AM,12,WORNALL RD,W 63RD ST,CD6,23,2263,926,531,492,314,2762240.48,1036813.88
714,Wornall & 72nd,TS,2019,03/19/2019 12:00:00 AM,12,WORNALL RD,W 72ND ST,CD6,274,13842,6457,2388,4574,423,2762011.59,1030862.57
715,Wornall & 75th,TS,2019,06/13/2019 12:00:00 AM,12,WORNALL RD,W 75TH ST,CD6,364,26166,7834,6765,6259,5308,2761902.99,1028906.58
717,Wornall & 79th,TS,2019,07/11/2019 12:00:00 AM,12,WORNALL RD,W 79TH ST,CD6,89,14377,4961,926,6233,2257,2761833.62,1026231.11
718,Wornall & 85th,TS,2019,08/14/2019 12:00:00 AM,12,WORNALL RD,W 85TH ST,CD6,203,19093,6820,5428,4376,2469,2761677.12,1022270.93
719,Wornall & 89th,TS,2018,03/15/2018 12:00:00 AM,12,WORNALL RD,W 89TH ST,CD6,105,12701,5312,1019,5673,697,2761582.28,1019627.19
720,Wornall & 9400/Ward Pkwy,TS,2015,04/16/2015 12:00:00 AM,5,WORNALL RD,WARD PKWY,CD6,3,12404,3491,0,5049,3864,2761528.42,1016749.15
721,Wornall & 99th,TS,2018,04/12/2018 12:00:00 AM,5,WORNALL RD,W 99TH ST,CD6,31,13441,5606,1059,6743,33,2761331.69,1013031.11
722,Wornall & Carondelet,TS,2018,05/09/2018 12:00:00 AM,12,WORNALL RD,CARONDELET DR,CD6,16,17787,8997,0,6619,2171,2761156.36,1008617.2
723,Wornall & Minor,TS,2017,05/04/2017 12:00:00 AM,12,WORNALL RD,W MINOR DR,CD6,57,11705,3507,1332,4529,2337,2762163.4,1001205.48
725,Wyandotte & 11th,TS-CBD,2017,12/05/2017 12:00:00 AM,5,WYANDOTTE ST,W 11TH ST,CD4,278,2492,775,904,813,0,2764434.83,1068416.6
726,Wyandotte & 12th,TS-CBD,2018,12/11/2018 12:00:00 AM,12,WYANDOTTE ST,W 12TH ST,CD4,1415,6988,1056,0,557,5375,2764421.06,1068088.71
727,Wyandotte & 13th,TS-CBD,2017,09/28/2017 12:00:00 AM,12,WYANDOTTE ST,W 13TH ST,CD4,3699,5438,1347,3034,1057,0,2764401.01,1067610.89
728,Wyandotte & 14th,TS-CBD,2016,12/22/2016 12:00:00 AM,12,WYANDOTTE ST,W 14TH ST,CD4,116,2886,784,417,458,1227,2764380.09,1067102.81
729,Wyandotte & 6th,TS-CBD,2017,04/18/2017 12:00:00 AM,5,WYANDOTTE ST,W 6TH ST  (ONE-WAY EB),CD4,222,4345,1036,0,1343,1966,2764512.99,1070431.31
730,Wyandotte & 75th,TS,2018,07/19/2018 12:00:00 AM,12,WYANDOTTE ST,W 75TH ST,CD4,97,11032,702,5622,412,4296,2762595.21,1028840.09
735,Wyoming & 39th,TS,2017,07/20/2017 12:00:00 AM,12,WYOMING ST,W 39TH ST,CD4,533,8489,1174,3071,862,3382,2759240.08,1052510.04
737,Blue Pkwy & Kensington,TS,2018,01/10/2018 12:00:00 AM,5,KENSINGTON AVE,BLUE PKWY,CD3&4&5,11,13598,179,7317,585,5517,2779079.99,1044336.84
740,State Line & 133rd South,TS,2017,04/18/2017 12:00:00 AM,5,STATE LINE RD,W 133RD ST,CD6,5,7517,2081,959,4477,0,2757969.22,990376.71
744,N Oak & Sherrydale,TS,2019,01/15/2019 12:00:00 AM,12,N OAK TFWY,NE WINDROSE DR,CD2,6,15696,7322,267,6992,1115,2767276.92,1125926.56
745,State Line & 133rd North,TS,2017,06/07/2017 12:00:00 AM,5,STATE LINE RD,W 133RD ST N,CD6,7,11433,5098,404,3800,2131,2757974.22,991103.7
746,N Brighton & NE 81st,TS,2017,11/14/2017 12:00:00 AM,12,N BRIGHTON AVE,NE 80TH TER,CD1,4,5347,2346,0,2210,791,2782867.25,1118959.34
749,Broadway & Nichols,TS-PLZ,2018,03/08/2018 12:00:00 AM,12,BROADWAY BLVD,NICHOLS RD,CD4,2447,8530,2474,1051,3612,1393,2762664.65,1046683.93
751,Grand & 26th,TS,2019,09/19/2019 12:00:00 AM,12,GRAND AVE,E 26TH ST,CD4,177,7874,3785,1032,3057,0,2765108.09,1060609.84
752,Blue Ridge & State Line,TS,2020,02/06/2020 12:00:00 AM,5,STATE LINE RD,W BLUE RIDGE BLVD,CD6,10,11019,4770,1919,4260,70,2757980.03,991960.6
753,"NW Cookingham & Bern, S Ramp",TS,2020,01/15/2020 12:00:00 AM,5,N BERN ST,NW COOKINGHAM DR,CD2,0,1018,581,0,359,78,2730212.31,1144020.6
754,"NW Cookingham & Bern, N Ramp",TS,2015,07/28/2015 12:00:00 AM,5,N BERN ST,NW COOKINGHAM DR OFF RAMP,CD2,4,1629,431,1014,184,0,2729888.49,1144329.44
755,"NW Cookingham & Paris, N Ramp",TS,2020,01/16/2020 12:00:00 AM,5,PARIS ST,NW COOKINGHAM DR_EB,CD2,0,2302,592,0,671,1039,2728642.95,1141787.89
756,"NW Cookingham & Paris, S Ramp",TS,2020,01/16/2020 12:00:00 AM,5,PARIS ST,NW COOKINGHAM DR_WB,CD2,0,1231,409,207,615,0,2728038.21,1141930.62
757,Holmes & 135th,TS,2017,07/25/2017 12:00:00 AM,12,HOLMES RD,E 135TH ST,CD6,16,7214,2477,63,2655,2019,2764071.64,988837.06
759,N Prairie View & NW 86th Ter,TS,2017,02/21/2017 12:00:00 AM,12,NW PRAIRIE VIEW RD,NW 86TH TERR,CD2,1122,3300,1120,143,1734,303,2742977.03,1122922.51
760,N Prairie View & NW 85th,TS,2017,02/07/2017 12:00:00 AM,12,NW PRAIRE VIEW RD,NW 85TH ST,CD2,95,6660,2461,470,3530,199,2743079.9,1122413.51
761,NW Barry & N Marston,TS,2018,10/16/2018 12:00:00 AM,12,N MARSHTON AVE,NW BARRY RD,CD2,34,10920,393,4451,572,5504,2758298.29,1121374.87
772,N Oak & NE 94th,TS,2019,10/09/2019 12:00:00 AM,12,N OAK TFWY,NE 94TH ST,CD2,26,16730,7706,2299,5857,868,2767249.53,1127898.86
773,Main & Ward Pkwy S Dr,TS,2019,09/19/2019 12:00:00 AM,12,MAIN ST,WARD PKWY SD,CD4,70,10715,0,0,2090,8625,2763983.85,1046219.47
775,Washington & 135th,TS,2018,12/19/2018 12:00:00 AM,12,WASHINGTON ST/INVERNESS DR,W 135TH ST,CD6,5,7033,816,2628,971,2618,2760042.17,989150.18
785,NW Ambassador & N Boardwalk,TS,2017,06/22/2017 12:00:00 AM,12,N AMBASSADOR DR,N BOARDWALK AVE,CD2,81,17211,8217,0,4013,4981,2746335.7,1123643.62
788,N Congress & NW 86th,TS,2020,01/07/2020 12:00:00 AM,5,N CONGRESS AVE,NE 86TH ST,CD2,28,3445,1540,221,1534,150,2741123.23,1123098.04
793,Pennsylvania & 39th,TS,2018,11/07/2018 12:00:00 AM,12,PENNSYLVANIA AVE,W 39TH ST,CD4,205,11377,419,4048,1095,5815,2762280.5,1052364.38
794,Jefferson & Ward Pkwy N Dr,TS-PLZ,2019,11/05/2019 12:00:00 AM,5,JEFFERSON ST,WARD PKWY (ND),CD4,212,10869,1019,4964,0,4886,2761622.83,1046207.4
797,Southwest Blvd & 25th,TS,2018,07/10/2018 12:00:00 AM,5,SOUTHWEST BLVD,W 25TH ST,CD4,16,5569,1961,848,2760,0,2761242.68,1061728.89
802,Gillham Rd & 22nd,TS,2017,01/10/2017 12:00:00 AM,5,GILLHAM RD / OAK ST,E 22ND ST,CD4,65,8576,1937,2769,2131,1739,2766272.69,1063183.93
803,Linwood & Van Brunt,TS,2017,06/01/2017 12:00:00 AM,5,VAN BRUNT BLVD,E LINWOOD BLVD,CD3,220,6324,3111,102,2180,931,2782865.85,1056998.86
804,Locust & Truman N Dr,TS-CBD,2017,09/20/2017 12:00:00 AM,5,LOCUST ST,E TRUMAN RD (ND),CD4,73,2668,34,1161,1473,0,2766687.06,1066554.95
805,Locust & Truman S Dr,TS-CBD,2018,12/18/2018 12:00:00 AM,12,LOCUST ST,E TRUMAN RD (SD),CD4,182,6233,0,3362,350,2521,2766683.65,1066470.18
808,NW Ambassador & N Skyview,TS,2016,12/20/2016 12:00:00 AM,5,N AMBASSADOR DR,NW SKYVIEW AVE,CD2,84,11466,2605,178,4967,3716,2746379.81,1125580.11
811,American Royal & 23rd,TS,2017,09/14/2017 12:00:00 AM,5,AMERICAN ROYAL DR,W 23RD ST,CD4,3,1804,0,736,494,574,2759030.76,1063554.14
812,N Skyview & Drive 2,TS,2018,11/13/2018 12:00:00 AM,12,PRIVATE DR 2,NW SKYVIEW AVE,CD2,5,9969,0,5650,2103,2216,2745594.7,1125823.61
817,State Line & 128th,TS,2016,12/14/2016 12:00:00 AM,5,STATE LINE RD,W 128TH ST,CD6,2,7578,2833,0,4348,397,2757980.69,993134.05
826,Lees Summit Rd & Little Blue Rd & Gregory,TS,2018,12/20/2018 12:00:00 AM,12,LEE'S SUMMIT RD,LITTLE BLUE RD,CD5,17,8728,1975,2155,2904,1694,2819980.34,1023021.73
832,Pennsylvania & 47th,TS-PLZ,2015,11/18/2015 12:00:00 AM,5,PENNSYLVANIA AVE,W 47TH ST,CD4,912,7416,514,3523,637,2742,2762157.66,1047088
836,Blue Ridge & Wornall,TS,2018,08/15/2018 12:00:00 AM,5,WORNALL RD,W BLUE RIDGE BLVD,CD6,7,5900,1734,2492,520,1154,2761605.98,991699.34
840,NW Briarcliff & N Mulberry,TS,2019,09/04/2019 12:00:00 AM,5,NW BRIARCLIFF PKWY,N MULLBERRY DR,CD4,48,4577,2050,966,922,639,2761144.26,1092800
841,Paseo & 22nd,TS,2018,07/12/2018 12:00:00 AM,12,PASEO BLVD,E 22ND ST,CD3,15,9153,2825,904,4202,1222,2770113.5,1062979.52
842,N Waukomis & Gower/NW 68th,TS,2017,06/08/2017 12:00:00 AM,12,N GOWER,NW WAUKOMIS/NW 86TH ST,CD2,110,11005,3049,4766,3190,0,2754887.51,1110833.32
846,N Oak & NE 42nd,TS,2016,12/20/2016 12:00:00 AM,12,N OAK TFWY,NE 42ND ST,CD4,54,12003,3555,3125,4334,989,2766949.59,1093705.73
848,Broadway & Truman N/S Dr,TS-CBD,2019,06/04/2019 12:00:00 AM,12,BROADWAY BLVD,W TRUMAN RD N&SD,CD4,171,30544,9485,8295,8036,4728,2763566.61,1066815.84
849,Charlotte & 11th/Hwy Off Ramps,TS,2018,03/27/2018 12:00:00 AM,5,CHARLOTTE ST,E 11TH ST,CD4,31,2240,746,1494,0,0,2767741.77,1068378.68
856,1001 W Carondelet Dr (Office Park),TS,2017,06/08/2017 12:00:00 AM,5,PRIVATE DRIVEWAY @ 1001,CARONDELET DR,CD6,4,2387,0,627,503,1257,2758953.73,1007622.04
857,N Chouteau Trfwy & N Parvin Rd,TS,2017,07/19/2017 12:00:00 AM,12,CHOUTEAU TFWY,PARVIN RD,CD1,15,7842,2419,1169,3192,1062,2779529.22,1090791.47
858,N Chouteau Trfwy & NE 33rd Ter,TS,2017,06/28/2017 12:00:00 AM,5,N CHOUTEAU TFWY,NE 33RD TERR,CD1,10,6258,1404,175,4109,570,2778488.88,1087864.7
865,Holmes St & E 22nd St,TS,2018,05/31/2018 12:00:00 AM,12,HOLMES ST,E 22ND ST,CD3,472,13663,0,7343,3046,3274,2767213.46,1063119.6
867,Lewis Rd and 63rd St,TS,2019,08/22/2019 12:00:00 AM,5,LEWIS RD,E 63RD ST,CD5,3,7591,0,3491,178,3922,2782683.22,1037055.79
868,NE 48th St @ 5950 Winnetonka W Dr,TS,2018,01/24/2018 12:00:00 AM,12,5950 WINNETONKA WD,NE 48TH ST,CD1,39,5057,0,2016,670,2371,2785786.77,1097471.65
869,N Flintlock & NE 82nd Ter,TS,2018,04/10/2018 12:00:00 AM,12,N FLINTLOCK RD,NE 82ND TER,CD1,29,11668,4255,874,4494,2045,2798479.52,1119792.17
871,Blue River Rd & E 87th St,TS,2018,05/01/2018 12:00:00 AM,12,BLUE RIVER RD,E 87TH ST,CD5,1,11323,713,5000,3279,2331,2776225.44,1021514.19
872,Delaware & 3rd,TS-OCS-CBD-ST/CAR,2019,06/06/2019 12:00:00 AM,5,DELAWARE ST,W 3RD ST,CD4,249,1244,67,799,0,378,2764704.53,1071593.11
873,Delaware & 5th,TS-OCS-CBD-ST/CAR,2018,06/14/2018 12:00:00 AM,5,DELAWARE ST,W 5TH ST,CD4,254,1467,385,418,461,203,2764848.32,1071026.99
876,Grand & 3rd,TS-OCS-CBD-ST/CAR,2018,12/05/2018 12:00:00 AM,5,GRAND BLVD,E 3RD ST,CD4,202,2282,610,556,558,558,2765733.36,1071855.4
877,Main & 16th,TS-OCS-CBD-ST/CAR,2019,10/01/2019 12:00:00 AM,12,MAIN ST,E 16TH ST,CD4,1618,5823,2529,545,2367,382,2765019.07,1066094.51
878,N Oak & Shoal Creek,TS,2019,11/13/2019 12:00:00 AM,12,N OAK TFWY,NE SHOAL CREEK PKWY,CD2,34,9795,2332,1935,2992,2536,2767357.21,1137066
880,Flintlock & NE 96th Street,TS,2019,07/23/2019 12:00:00 AM,12,N FLINTLOCK RD,NE 96TH ST,CD1,52,13147,0,4516,5325,3306,2798394.59,1128857.33
883,N Cleveland Ave & NE Chouteau Tfwy,TS,2019,07/18/2019 12:00:00 AM,12,NE CHOUTEAU TF,N CLEVELAND AV,CD1,39,15316,5686,1647,6753,1230,2778711.46,1094647.71
887,Wornall Rd & 135th St,TS,2017,05/31/2017 12:00:00 AM,5,WORNALL RD,E 135TH ST,CD6,6,3644,940,1070,0,1634,2761442.83,989033.13
890,Platte Purchase Dr & NW 88th St,TS,2017,09/26/2017 12:00:00 AM,12,N PLATTE PURCHASE RD,NW 88TH ST,CD2,4,7232,3485,1192,2555,0,2760143.27,1123784.07
895,N Corrington Ave & NE Parvin Rd,TS,2019,08/13/2019 12:00:00 AM,12,N CORRINGTON AVE,NE PARVIN RD,CD1,93,9672,2297,4472,304,2599,2789761.46,1093078.81
